Date,Latitude,Locations,Longitude
2017-02-01,1.347401,Tampines Street11 (Blk 101),103.945289
2017-02-01,1.346834,Tampines Street11 (Blk 102),103.945761
2017-02-01,1.3476305,Tampines Street11 (Blk 103),103.9461075
2017-02-01,1.347294,Tampines Street11 (Blk 104),103.946427
2017-02-01,1.346429,Tampines Street11 (Blk 113),103.9463831
2017-02-01,1.3454105,Tampines Street11 (Blk 138),103.9454468
2017-02-01,1.3228957,Irrawaddy Road,103.8455712
2017-02-01,1.348188,Tampines Avenue 5(Blk 146),103.942383
2017-02-01,1.3475034,Tampines Street12 (Blk 140),103.943485
2017-02-01,1.348385,Tampines Street12 (Blk 141),103.94473
2017-02-01,1.348109,Tampines Street12 (Blk 143),103.943659
2017-02-01,1.373362,Hougang Avenue 8 (Blk 467),103.8968019
2017-02-01,1.374663,Hougang Avenue 10 (Blk 403),103.896376
2017-02-01,1.3733172,Hougang Avenue 10 (Blk 408),103.895332
2017-02-01,1.350657,Tampines Street82 (Blk 842D),103.937465
2017-02-01,1.3517539,Tampines Street82 (Blk 842E),103.938303
2017-02-01,1.352973,Tampines Street82 (Blk 856F),103.938309
2017-02-01,1.3716332,Almond Avenue,103.7733887
2017-02-01,1.3730839,Almond Crescent,103.7730664
2017-02-01,1.352456,Tampines Street32 (Blk 327),103.958319
2017-02-01,1.35409,Tampines Street32 (Blk 381),103.959041
2017-02-01,1.3542811,Tampines Street32 (Blk 384),103.9576394
2017-02-01,1.3721095,Ang Mo Kio Street 52(Blk 588A),103.8526723
2017-02-01,1.3720001,Ang Mo Kio Street 52(Blk 588B),103.8529979
2017-02-01,1.358251,Bukit Batok Street 31 (Blk 306),103.747541
2017-02-01,1.360188,Bukit Batok Street 32 (Blk 315),103.746446
2017-02-01,1.336857,Shaw Road,103.8846736
2017-02-01,1.3420217,Toa Payoh North (Blk 205),103.8482738
2017-02-01,1.342398,Toa Payoh North (Blk 207),103.845517
2017-02-01,1.4311454,Woodlands Drive16 (Blk 575),103.7970854
2017-02-01,1.4323614,Woodlands Drive16 (La Casa),103.7978412
2017-02-02,1.347401,Tampines Street 11 (Blk 101),103.945289
2017-02-02,1.346834,Tampines Street 11 (Blk 102),103.945761
2017-02-02,1.3476305,Tampines Street 11 (Blk 103),103.9461075
2017-02-02,1.347294,Tampines Street 11 (Blk 104),103.946427
2017-02-02,1.3465011,Tampines Street 11 (Blk 113),103.9462854
2017-02-02,1.3454105,Tampines Street 11 (Blk 138),103.9454468
2017-02-02,1.3444958,Tampines Street 11 (Tampines Court),103.948072
2017-02-02,1.3228957,Irrawaddy Road,103.8455712
2017-02-02,1.348188,Tampines Avenue 5 (Blk 146),103.942383
2017-02-02,1.3475034,Tampines Street 12 (Blk 140),103.943485
2017-02-02,1.348385,Tampines Street 12 (Blk 141),103.94473
2017-02-02,1.348109,Tampines Street 12 (Blk 143),103.943659
2017-02-02,1.373362,Hougang Avenue 8 (Blk 467),103.8968019
2017-02-02,1.374663,Hougang Avenue 10 (Blk 403),103.896376
2017-02-02,1.3733172,Hougang Avenue 10 (Blk 408),103.895332
2017-02-02,1.350657,Tampines Street 82 (Blk 842D),103.937465
2017-02-02,1.3517539,Tampines Street 82 (Blk 842E),103.938303
2017-02-02,1.352973,Tampines Street 82 (Blk 856F),103.938309
2017-02-02,1.3721095,Ang Mo Kio Street 52 (Blk 588A),103.8526723
2017-02-02,1.3720001,Ang Mo Kio Street 52 (Blk 588B),103.8529979
2017-02-02,1.3478138,Bukit Batok East Avenue 3 (Blk 222),103.7539445
2017-02-02,1.3487369,Bukit Batok East Avenue 5 (Blk 233),103.755312
2017-02-02,1.336857,Shaw Road,103.8846736
2017-02-02,1.3420217,Toa Payoh North (Blk 205),103.8482738
2017-02-02,1.342398,Toa Payoh North (Blk 207),103.845517
2017-02-03,1.347401,Tampines Street    11 (Blk 101),103.945289
2017-02-03,1.346834,Tampines Street    11 (Blk 102),103.945761
2017-02-03,1.3476305,Tampines Street    11 (Blk 103),103.9461075
2017-02-03,1.347294,Tampines Street    11 (Blk 104),103.946427
2017-02-03,1.3465011,Tampines Street    11 (Blk 113),103.9462854
2017-02-03,1.3454105,Tampines Street    11 (Blk 138),103.9454468
2017-02-03,1.3444958,Tampines Street    11 (Tampines Court),103.948072
2017-02-03,1.3516881,Tampines Avenue 4,103.9413248
2017-02-03,1.350657,Tampines Street    82 (Blk 842D),103.937465
2017-02-03,1.3517539,Tampines Street    82 (Blk 842E),103.938303
2017-02-03,1.352973,Tampines Street    82 (Blk 856F),103.938309
2017-02-03,1.373362,Hougang Avenue 8 (Blk 467),103.8968019
2017-02-03,1.374663,Hougang Avenue 10 (Blk 403),103.896376
2017-02-03,1.3733172,Hougang Avenue 10 (Blk 408),103.895332
2017-02-03,1.348188,Tampines Avenue 5 (Blk 146),103.942383
2017-02-03,1.3475034,Tampines Street 12 (Blk 140),103.943485
2017-02-03,1.348385,Tampines Street 12 (Blk 141),103.94473
2017-02-03,1.3815298,Ang Mo Kio Avenue 6 (Blk 634),103.8432138
2017-02-03,1.379877,Ang Mo Kio Avenue 6 (Blk 639),103.842309
2017-02-03,1.3721095,Ang Mo Kio Street 52 (Blk 588A),103.8526723
2017-02-03,1.3720001,Ang Mo Kio Street 52 (Blk 588B),103.8529979
2017-02-03,1.3478138,Bukit Batok East Avenue 3 (Blk 222),103.7539445
2017-02-03,1.3487369,Bukit Batok East Avenue 5 (Blk 233),103.755312
2017-02-03,1.336857,Shaw Road,103.8846736
2017-02-03,1.3420217,Toa Payoh North (Blk 205),103.8482738
2017-02-03,1.342398,Toa Payoh North (Blk 207),103.845517
2017-02-03,1.2867972,Tuas South Avenue 9,103.6367215
2017-02-03,1.439313,Woodlands Avenue 6 (Blk 677),103.801863
2017-02-03,1.439459,Woodlands Avenue 6 (Blk 680),103.8021909
2017-02-04,1.347401,Tampines Street 11 (Blk 101),103.945289
2017-02-04,1.346834,Tampines Street 11 (Blk 102),103.945761
2017-02-04,1.3476305,Tampines Street 11 (Blk 103),103.9461075
2017-02-04,1.347294,Tampines Street 11 (Blk 104),103.946427
2017-02-04,1.3465011,Tampines Street 11 (Blk 113),103.9462854
2017-02-04,1.3454105,Tampines Street 11 (Blk 138),103.9454468
2017-02-04,1.3444958,Tampines Street 11 (Tampines Court),103.948072
2017-02-04,1.3516881,Tampines Avenue 4,103.9413248
2017-02-04,1.350657,Tampines Street 82 (Blk 842D),103.937465
2017-02-04,1.3517539,Tampines Street 82 (Blk 842E),103.938303
2017-02-04,1.352973,Tampines Street 82 (Blk 856F),103.938309
2017-02-04,1.373362,Hougang Avenue 8 (Blk 467),103.8968019
2017-02-04,1.374663,Hougang Avenue 10 (Blk 403),103.896376
2017-02-04,1.3733172,Hougang Avenue 10 (Blk 408),103.895332
2017-02-04,1.299809,Beach Road,103.8596409
2017-02-04,1.3478138,Bukit Batok East Avenue 3 (Blk 222),103.7539445
2017-02-04,1.3487369,Bukit Batok East Avenue 5 (Blk 233),103.755312
2017-02-04,1.3717863,Old Choa Chu Kang Road,103.7053211
2017-02-04,1.3420217,Toa Payoh North (Blk 205),103.8482738
2017-02-04,1.342398,Toa Payoh North (Blk 207),103.845517
2017-02-04,1.439313,Woodlands Avenue 6 (Blk 677),103.801863
2017-02-04,1.439459,Woodlands Avenue 6 (Blk 680),103.8021909
2017-02-05,1.347401,Tampines Street 11 (Blk 101),103.945289
2017-02-05,1.346834,Tampines Street 11 (Blk 102),103.945761
2017-02-05,1.3476305,Tampines Street 11 (Blk 103),103.9461075
2017-02-05,1.347294,Tampines Street 11 (Blk 104),103.946427
2017-02-05,1.3465011,Tampines Street 11 (Blk 113),103.9462854
2017-02-05,1.3454105,Tampines Street 11 (Blk 138),103.9454468
2017-02-05,1.3444958,Tampines Street 11 (Tampines Court),103.948072
2017-02-05,1.3516881,Tampines Avenue 4,103.9413248
2017-02-05,1.350657,Tampines Street 82 (Blk 842D),103.937465
2017-02-05,1.3517539,Tampines Street 82 (Blk 842E),103.938303
2017-02-05,1.352973,Tampines Street 82 (Blk 856F),103.938309
2017-02-05,1.373362,Hougang Avenue 8 (Blk 467),103.8968019
2017-02-05,1.374663,Hougang Avenue 10 (Blk 403),103.896376
2017-02-05,1.3733172,Hougang Avenue 10 (Blk 408),103.895332
2017-02-05,1.299809,Beach Road,103.8596409
2017-02-05,1.3478138,Bukit Batok East Avenue 3 (Blk 222),103.7539445
2017-02-05,1.3487369,Bukit Batok East Avenue 5 (Blk 233),103.755312
2017-02-05,1.3717863,Old Choa Chu Kang Road,103.7053211
2017-02-05,1.3420217,Toa Payoh North (Blk 205),103.8482738
2017-02-05,1.342398,Toa Payoh North (Blk 207),103.845517
2017-02-05,1.439313,Woodlands Avenue 6 (Blk 677),103.801863
2017-02-05,1.439459,Woodlands Avenue 6 (Blk 680),103.8021909
2017-02-06,1.347401,Tampines Street 11 (Blk 101),103.945289
2017-02-06,1.346834,Tampines Street 11 (Blk 102),103.945761
2017-02-06,1.3476305,Tampines Street 11 (Blk 103),103.9461075
2017-02-06,1.347294,Tampines Street 11 (Blk 104),103.946427
2017-02-06,1.3465011,Tampines Street 11 (Blk 113),103.9462854
2017-02-06,1.3454105,Tampines Street 11 (Blk 138),103.9454468
2017-02-06,1.3444958,Tampines Street 11 (Tampines Court),103.948072
2017-02-06,1.3516881,Tampines Avenue 4,103.9413248
2017-02-06,1.350657,Tampines Street 82 (Blk 842D),103.937465
2017-02-06,1.3517539,Tampines Street 82 (Blk 842E),103.938303
2017-02-06,1.352973,Tampines Street 82 (Blk 856F),103.938309
2017-02-06,1.373362,Hougang Avenue 8 (Blk 467),103.8968019
2017-02-06,1.374663,Hougang Avenue 10 (Blk 403),103.896376
2017-02-06,1.3733172,Hougang Avenue 10 (Blk 408),103.895332
2017-02-06,1.299809,Beach Road,103.8596409
2017-02-06,1.3478138,Bukit Batok East Avenue 3 (Blk 222),103.7539445
2017-02-06,1.3487369,Bukit Batok East Avenue 5 (Blk 233),103.755312
2017-02-06,1.3717863,Old Choa Chu Kang Road,103.7053211
2017-02-06,1.3420217,Toa Payoh North (Blk 205),103.8482738
2017-02-06,1.342398,Toa Payoh North (Blk 207),103.845517
2017-02-06,1.439313,Woodlands Avenue 6 (Blk 677),103.801863
2017-02-06,1.439459,Woodlands Avenue 6 (Blk 680),103.8021909
2017-02-07,1.347401,Tampines Street 11 (Blk 101),103.945289
2017-02-07,1.346834,Tampines Street 11 (Blk 102),103.945761
2017-02-07,1.3476305,Tampines Street 11 (Blk 103),103.9461075
2017-02-07,1.347294,Tampines Street 11 (Blk 104),103.946427
2017-02-07,1.3465011,Tampines Street 11 (Blk 113),103.9462854
2017-02-07,1.3454105,Tampines Street 11 (Blk 138),103.9454468
2017-02-07,1.3444958,Tampines Street 11 (Tampines Court),103.948072
2017-02-07,1.3516881,Tampines Avenue 4,103.9413248
2017-02-07,1.351145,Tampines Street 82 (Blk 842B),103.936991
2017-02-07,1.350657,Tampines Street 82 (Blk 842D),103.937465
2017-02-07,1.3517539,Tampines Street 82 (Blk 842E),103.938303
2017-02-07,1.352973,Tampines Street 82 (Blk 856F),103.938309
2017-02-07,1.373362,Hougang Avenue 8 (Blk 467),103.8968019
2017-02-07,1.374663,Hougang Avenue 10 (Blk 403),103.896376
2017-02-07,1.3733172,Hougang Avenue 10 (Blk 408),103.895332
2017-02-07,1.299809,Beach Road,103.8596409
2017-02-07,1.3478138,Bukit Batok East Avenue 3 (Blk 222),103.7539445
2017-02-07,1.3487369,Bukit Batok East Avenue 5 (Blk 233),103.755312
2017-02-07,1.3717863,Old Choa Chu Kang Road,103.7053211
2017-02-07,1.3420217,Toa Payoh North (Blk 205),103.8482738
2017-02-07,1.342398,Toa Payoh North (Blk 207),103.845517
2017-02-07,1.4541921,Woodlands Industrial Park E1,103.7975037
2017-02-08,1.347401,Tampines Street    11 (Blk 101),103.945289
2017-02-08,1.346834,Tampines Street    11 (Blk 102),103.945761
2017-02-08,1.3476305,Tampines Street    11 (Blk 103),103.9461075
2017-02-08,1.347294,Tampines Street    11 (Blk 104),103.946427
2017-02-08,1.3465011,Tampines Street    11 (Blk 113),103.9462854
2017-02-08,1.3454105,Tampines Street    11 (Blk 138),103.9454468
2017-02-08,1.3463797,Tampines Street    11 (Blk 139),103.9445192
2017-02-08,1.3444958,Tampines Street    11 (Tampines Court),103.948072
2017-02-08,1.3516881,Tampines Avenue 4,103.9413248
2017-02-08,1.351145,Tampines Street    82 (Blk 842B),103.936991
2017-02-08,1.350657,Tampines Street    82 (Blk 842D),103.937465
2017-02-08,1.3517539,Tampines Street    82 (Blk 842E),103.938303
2017-02-08,1.352973,Tampines Street    82 (Blk 856F),103.938309
2017-02-08,1.299809,Beach Road,103.8596409
2017-02-08,1.3478138,Bukit Batok East Avenue 3 (Blk 222),103.7539445
2017-02-08,1.3487369,Bukit Batok East Avenue 5 (Blk 233),103.755312
2017-02-08,1.3471644,Bukit Batok Street 21 (Blk 218),103.754355
2017-02-08,1.318161,Gilstead Road (Gilstead 38),103.839139
2017-02-08,1.3183329,Gilstead Court),103.8396729
2017-02-08,1.3450189,Jurong West Street 81 (Blk 817),103.6954006
2017-02-08,1.3449032,Jurong West Street 81 (Blk 831),103.694627
2017-02-08,1.3717863,Old Choa Chu Kang Road,103.7053211
2017-02-08,1.35754,Tampines Street    41 (Blk 421),103.947546
2017-02-08,1.357438,Tampines Street    41 (Blk 424),103.948133
2017-02-08,1.3420217,Toa Payoh North (Blk 205),103.8482738
2017-02-08,1.342398,Toa Payoh North (Blk 207),103.845517
2017-02-09,1.347401,Tampines Street    11 (Blk 101),103.945289
2017-02-09,1.346834,Tampines Street    11 (Blk 102),103.945761
2017-02-09,1.3476305,Tampines Street    11 (Blk 103),103.9461075
2017-02-09,1.347294,Tampines Street    11 (Blk 104),103.946427
2017-02-09,1.3465011,Tampines Street    11 (Blk 113),103.9462854
2017-02-09,1.3454105,Tampines Street    11 (Blk 138),103.9454468
2017-02-09,1.3463797,Tampines Street    11 (Blk 139),103.9445192
2017-02-09,1.3444958,Tampines Street    11 (Tampines Court),103.948072
2017-02-09,1.3516881,Tampines Avenue 4,103.9413248
2017-02-09,1.351145,Tampines Street    82 (Blk 842B),103.936991
2017-02-09,1.350657,Tampines Street    82 (Blk 842D),103.937465
2017-02-09,1.3517539,Tampines Street    82 (Blk 842E),103.938303
2017-02-09,1.352973,Tampines Street    82 (Blk 856F),103.938309
2017-02-09,1.299809,Beach Road,103.8596409
2017-02-09,1.3478138,Bukit Batok East Avenue 3 (Blk 222),103.7539445
2017-02-09,1.3487369,Bukit Batok East Avenue 5 (Blk 233),103.755312
2017-02-09,1.3471644,Bukit Batok Street 21 (Blk 218),103.754355
2017-02-09,1.318161,Gilstead Road (Gilstead 38),103.839139
2017-02-09,1.317167,Gilstead Road (Gilstead Court),103.8388651
2017-02-09,1.3450189,Jurong West Street 81 (Blk 817),103.6954006
2017-02-09,1.3449032,Jurong West Street 81 (Blk 831),103.694627
2017-02-09,1.3717863,Old Choa Chu Kang Road,103.7053211
2017-02-09,1.3544733,Tampines Street    23 (Blk 212),103.9539937
2017-02-09,1.3550861,Tampines Street    23 (Blk 225),103.9539004
2017-02-09,1.35754,Tampines Street    41 (Blk 421),103.947546
2017-02-09,1.357438,Tampines Street    41 (Blk 424),103.948133
2017-02-10,1.347401,Tampines Street    11 (Blk 101),103.945289
2017-02-10,1.346834,Tampines Street    11 (Blk 102),103.945761
2017-02-10,1.3476305,Tampines Street    11 (Blk 103),103.9461075
2017-02-10,1.347294,Tampines Street    11 (Blk 104),103.946427
2017-02-10,1.3465011,Tampines Street    11 (Blk 113),103.9462854
2017-02-10,1.3454105,Tampines Street    11 (Blk 138),103.9454468
2017-02-10,1.3463797,Tampines Street    11 (Blk 139),103.9445192
2017-02-10,1.3444958,Tampines Street    11 (Tampines Court),103.948072
2017-02-10,1.3516881,Tampines Avenue 4,103.9413248
2017-02-10,1.351145,Tampines Street    82 (Blk 842B),103.936991
2017-02-10,1.350657,Tampines Street    82 (Blk 842D),103.937465
2017-02-10,1.3517539,Tampines Street    82 (Blk 842E),103.938303
2017-02-10,1.352973,Tampines Street    82 (Blk 856F),103.938309
2017-02-10,1.299809,Beach Road,103.8596409
2017-02-10,1.3478138,Bukit Batok East Avenue 3 (Blk 222),103.7539445
2017-02-10,1.3487369,Bukit Batok East Avenue 5 (Blk 233),103.755312
2017-02-10,1.3471644,Bukit Batok Street 21 (Blk 218),103.754355
2017-02-10,1.318161,Gilstead Road (Gilstead 38),103.839139
2017-02-10,1.317167,Gilstead Road (Gilstead Court),103.8388651
2017-02-10,1.3450189,Jurong West Street 81 (Blk 817),103.6954006
2017-02-10,1.3449032,Jurong West Street 81 (Blk 831),103.694627
2017-02-10,1.3717863,Old Choa Chu Kang Road,103.7053211
2017-02-10,1.3544733,Tampines Street    23 (Blk 212),103.9539937
2017-02-10,1.3550861,Tampines Street    23 (Blk 225),103.9539004
2017-02-10,1.35754,Tampines Street    41 (Blk 421),103.947546
2017-02-10,1.357438,Tampines Street    41 (Blk 424),103.948133
2017-02-10,1.362981,Tampines Street    45 (Blk 498H),103.957455
2017-02-10,1.363309,Tampines Street    45 (Blk 498J),103.956916
2017-02-11,1.347401,ampines Street    11 (Blk 101),103.945289
2017-02-11,1.346834,Tampines Street    11 (Blk 102),103.945761
2017-02-11,1.3476305,Tampines Street    11 (Blk 103),103.9461075
2017-02-11,1.347294,Tampines Street    11 (Blk 104),103.946427
2017-02-11,1.3465011,Tampines Street    11 (Blk 113),103.9462854
2017-02-11,1.3454105,Tampines Street    11 (Blk 138),103.9454468
2017-02-11,1.3463797,Tampines Street    11 (Blk 139),103.9445192
2017-02-11,1.3444958,Tampines Street    11 (Tampines Court),103.948072
2017-02-11,1.299809,Beach Road,103.8596409
2017-02-11,1.3516881,Tampines Avenue 4,103.9413248
2017-02-11,1.351145,Tampines Street    82 (Blk 842B),103.936991
2017-02-11,1.350657,Tampines Street    82 (Blk 842D),103.937465
2017-02-11,1.3517539,Tampines Street    82 (Blk 842E),103.938303
2017-02-11,1.352973,Tampines Street    82 (Blk 856F),103.938309
2017-02-11,1.3478138,Bukit Batok East Avenue 3 (Blk 222),103.7539445
2017-02-11,1.3487369,Bukit Batok East Avenue 5 (Blk 233),103.755312
2017-02-11,1.3471644,Bukit Batok Street 21 (Blk 218),103.754355
2017-02-11,1.4180128,Sungei Kadut Street 1,103.7510568
2017-02-11,1.318161,Gilstead Road (Gilstead 38),103.839139
2017-02-11,1.317167,Gilstead Road (Gilstead Court),103.8388651
2017-02-11,1.3450189,Jurong West Street 81 (Blk 817),103.6954006
2017-02-11,1.3449032,Jurong West Street 81 (Blk 831),103.694627
2017-02-11,1.3717863,Old Choa Chu Kang Road,103.7053211
2017-02-11,1.2874073,Redhill Lane (Blk 82),103.8195071
2017-02-11,1.2873313,Redhill Lane (Blk 85),103.8183546
2017-02-11,1.3544733,Tampines Street    23 (Blk 212),103.9539937
2017-02-11,1.3550861,Tampines Street    23 (Blk 225),103.9539004
2017-02-11,1.35754,Tampines Street 41    (Blk 421),103.947546
2017-02-11,1.357438,Tampines Street    41 (Blk 424),103.948133
2017-02-11,1.362981,Tampines Street    45 (Blk 498H),103.957455
2017-02-11,1.363309,Tampines Street    45 (Blk 498J),103.956916
2017-02-12,1.347401,Tampines Street    11 (Blk 101),103.945289
2017-02-12,1.346834,Tampines Street    11 (Blk 102),103.945761
2017-02-12,1.3476305,Tampines Street    11 (Blk 103),103.9461075
2017-02-12,1.347294,Tampines Street    11 (Blk 104),103.946427
2017-02-12,1.3465011,Tampines Street    11 (Blk 113),103.9462854
2017-02-12,1.3454105,Tampines Street    11 (Blk 138),103.9454468
2017-02-12,1.3463797,Tampines Street    11 (Blk 139),103.9445192
2017-02-12,1.3444958,Tampines Street    11 (Tampines Court),103.948072
2017-02-12,1.299809,Beach Road,103.8596409
2017-02-12,1.3516881,Tampines Avenue 4,103.9413248
2017-02-12,1.351145,Tampines Street    82 (Blk 842B),103.936991
2017-02-12,1.350657,Tampines Street    82 (Blk 842D),103.937465
2017-02-12,1.3517539,Tampines Street    82 (Blk 842E),103.938303
2017-02-12,1.352973,Tampines Street    82 (Blk 856F),103.938309
2017-02-12,1.3478138,Bukit Batok East Avenue 3 (Blk 222),103.7539445
2017-02-12,1.3487369,Bukit Batok East Avenue 5 (Blk 233),103.755312
2017-02-12,1.3471644,Bukit Batok Street 21 (Blk 218),103.754355
2017-02-12,1.4180128,Sungei Kadut Street 1,103.7510568
2017-02-12,1.318161,Gilstead Road (Gilstead 38),103.839139
2017-02-12,1.317167,Gilstead Road (Gilstead Court),103.8388651
2017-02-12,1.3450189,Jurong West Street 81 (Blk 817),103.6954006
2017-02-12,1.3449032,Jurong West Street 81 (Blk 831),103.694627
2017-02-12,1.3717863,Old Choa Chu Kang Road,103.7053211
2017-02-12,1.2874073,Redhill Lane (Blk 82),103.8195071
2017-02-12,1.2873313,Redhill Lane (Blk 85),103.8183546
2017-02-12,1.3544733,Tampines Street    23 (Blk 212),103.9539937
2017-02-12,1.3550861,Tampines Street    23 (Blk 225),103.9539004
2017-02-12,1.35754,Tampines Street 41    (Blk 421),103.947546
2017-02-12,1.357438,Tampines Street    41 (Blk 424),103.948133
2017-02-12,1.362981,Tampines Street    45 (Blk 498H),103.957455
2017-02-12,1.363309,Tampines Street    45 (Blk 498J),103.956916
2017-02-13,1.347401,Tampines Street    11 (Blk 101),103.945289
2017-02-13,1.346834,Tampines Street    11 (Blk 102),103.945761
2017-02-13,1.3476305,Tampines Street    11 (Blk 103),103.9461075
2017-02-13,1.347294,Tampines Street    11 (Blk 104),103.946427
2017-02-13,1.3465011,Tampines Street    11 (Blk 113),103.9462854
2017-02-13,1.3454105,Tampines Street    11 (Blk 138),103.9454468
2017-02-13,1.3463797,Tampines Street    11 (Blk 139),103.9445192
2017-02-13,1.3444958,Tampines Street    11 (Tampines Court),103.948072
2017-02-13,1.299809,Beach Road,103.8596409
2017-02-13,1.3516881,Tampines Avenue 4,103.9413248
2017-02-13,1.351145,Tampines Street    82 (Blk 842B),103.936991
2017-02-13,1.350657,Tampines Street    82 (Blk 842D),103.937465
2017-02-13,1.3517539,Tampines Street    82 (Blk 842E),103.938303
2017-02-13,1.352973,Tampines Street    82 (Blk 856F),103.938309
2017-02-13,1.3478138,Bukit Batok East Avenue 3 (Blk 222),103.7539445
2017-02-13,1.3487369,Bukit Batok East Avenue 5 (Blk 233),103.755312
2017-02-13,1.3471644,Bukit Batok Street 21 (Blk 218),103.754355
2017-02-13,1.4180128,Sungei Kadut Street 1,103.7510568
2017-02-13,1.318161,Gilstead Road (Gilstead 38),103.839139
2017-02-13,1.317167,Gilstead Road (Gilstead Court),103.8388651
2017-02-13,1.3450189,Jurong West Street 81 (Blk 817),103.6954006
2017-02-13,1.3449032,Jurong West Street 81 (Blk 831),103.694627
2017-02-13,1.3717863,Old Choa Chu Kang Road,103.7053211
2017-02-13,1.2874073,Redhill Lane (Blk 82),103.8195071
2017-02-13,1.2873313,Redhill Lane (Blk 85),103.8183546
2017-02-13,1.3544733,Tampines Street    23 (Blk 212),103.9539937
2017-02-13,1.3550861,Tampines Street    23 (Blk 225),103.9539004
2017-02-13,1.35754,Tampines Street 41    (Blk 421),103.947546
2017-02-13,1.357438,Tampines Street    41 (Blk 424),103.948133
2017-02-13,1.362981,Tampines Street    45 (Blk 498H),103.957455
2017-02-13,1.363309,Tampines Street    45 (Blk 498J),103.956916
2017-02-14,1.347401,Tampines Street    11 (Blk 101),103.945289
2017-02-14,1.346834,Tampines Street    11 (Blk 102),103.945761
2017-02-14,1.3476305,Tampines Street    11 (Blk 103),103.9461075
2017-02-14,1.347294,Tampines Street    11 (Blk 104),103.946427
2017-02-14,1.3465011,Tampines Street    11 (Blk 113),103.9462854
2017-02-14,1.3454105,Tampines Street    11 (Blk 138),103.9454468
2017-02-14,1.3463797,Tampines Street    11 (Blk 139),103.9445192
2017-02-14,1.3444958,Tampines Street    11 (Tampines Court),103.948072
2017-02-14,1.299809,Beach Road,103.8596409
2017-02-14,1.3478138,Bukit Batok East Avenue 3 (Blk 222),103.7539445
2017-02-14,1.3487369,Bukit Batok East Avenue 5 (Blk 233),103.755312
2017-02-14,1.3471644,Bukit Batok Street 21 (Blk 218),103.754355
2017-02-14,1.4180128,Sungei Kadut Street 1,103.7510568
2017-02-14,1.33125,Bedok Reservoir Road (Blk 121),103.909938
2017-02-14,1.332419,Bedok Reservoir Road (Blk 133),103.911764
2017-02-14,1.3075921,Dakota Crescent (Blk 60),103.888768
2017-02-14,1.308567,Old Airport Road    (Blk 99),103.887961
2017-02-14,1.318161,Gilstead Road (Gilstead 38),103.839139
2017-02-14,1.317167,Gilstead Road (Gilstead Court),103.8388651
2017-02-14,1.3450189,Jurong West Street 81 (Blk 817),103.6954006
2017-02-14,1.3449032,Jurong West Street 81 (Blk 831),103.694627
2017-02-14,1.3717863,Old Choa Chu Kang Road,103.7053211
2017-02-14,1.2874073,Redhill Lane (Blk 82),103.8195071
2017-02-14,1.2873313,Redhill Lane (Blk 85),103.8183546
2017-02-14,1.3544733,Tampines Street    23 (Blk 212),103.9539937
2017-02-14,1.3550861,Tampines Street    23 (Blk 225),103.9539004
2017-02-14,1.35754,Tampines Street    41 (Blk 421),103.947546
2017-02-14,1.357438,Tampines Street    41 (Blk 424),103.948133
2017-02-14,1.362981,Tampines Street    45 (Blk 498H),103.957455
2017-02-14,1.363309,Tampines Street    45 (Blk 498J),103.956916
2017-02-15,1.347401,Tampines Street    11 (Blk 101),103.945289
2017-02-15,1.346834,Tampines Street    11 (Blk 102),103.945761
2017-02-15,1.3476305,Tampines Street    11 (Blk 103),103.9461075
2017-02-15,1.347294,Tampines Street    11 (Blk 104),103.946427
2017-02-15,1.3483565,Tampines Street    11 (Blk 107),103.9481571
2017-02-15,1.3465011,Tampines Street    11 (Blk 113),103.9462854
2017-02-15,1.3454105,Tampines Street    11 (Blk 138),103.9454468
2017-02-15,1.3463797,Tampines Street    11 (Blk 139),103.9445192
2017-02-15,1.3444958,Tampines Street    11 (Tampines Court),103.948072
2017-02-15,1.299809,Beach Road,103.8596409
2017-02-15,1.4180128,Sungei Kadut Street 1,103.7510568
2017-02-15,1.33125,Bedok Reservoir Road (Blk 121),103.909938
2017-02-15,1.332419,Bedok Reservoir Road (Blk 133),103.911764
2017-02-15,1.399025,Choa Chu Kang Street    62 (Blk 607),103.744255
2017-02-15,1.400859,Choa Chu Kang Street    62 (Blk 615),103.744837
2017-02-15,1.3075921,Dakota Crescent (Blk 60),103.888768
2017-02-15,1.308567,Old Airport Road    (Blk 99),103.887961
2017-02-15,1.3450189,Jurong West Street 81 (Blk 817),103.6954006
2017-02-15,1.3449032,Jurong West Street 81 (Blk 831),103.694627
2017-02-15,1.2874073,Redhill Lane (Blk 82),103.8195071
2017-02-15,1.2873313,Redhill Lane (Blk 85),103.8183546
2017-02-15,1.3544733,Tampines Street    23 (Blk 212),103.9539937
2017-02-15,1.3550861,Tampines Street    23 (Blk 225),103.9539004
2017-02-15,1.35754,Tampines Street    41 (Blk 421),103.947546
2017-02-15,1.357438,Tampines Street    41 (Blk 424),103.948133
2017-02-15,1.362981,Tampines Street    45 (Blk 498H),103.957455
2017-02-15,1.363309,Tampines Street    45 (Blk 498J),103.956916
2017-02-16,1.347401,Tampines Street    11 (Blk 101),103.945289
2017-02-16,1.346834,Tampines Street    11 (Blk 102),103.945761
2017-02-16,1.3476305,Tampines Street    11 (Blk 103),103.9461075
2017-02-16,1.347294,Tampines Street    11 (Blk 104),103.946427
2017-02-16,1.3483565,Tampines Street    11 (Blk 107),103.9481571
2017-02-16,1.3465011,Tampines Street    11 (Blk 113),103.9462854
2017-02-16,1.3454105,Tampines Street    11 (Blk 138),103.9454468
2017-02-16,1.3463797,Tampines Street    11 (Blk 139),103.9445192
2017-02-16,1.3444958,Tampines Street    11 (Tampines Court),103.948072
2017-02-16,1.299809,Beach Road,103.8596409
2017-02-16,1.4180128,Sungei Kadut Street 1,103.7510568
2017-02-16,1.35754,Tampines Street    41 (Blk 421),103.947546
2017-02-16,1.357129,Tampines Street    41 (Blk 423),103.947519
2017-02-16,1.357438,Tampines Street    41 (Blk 424),103.948133
2017-02-16,1.33125,Bedok Reservoir Road (Blk 121),103.909938
2017-02-16,1.332419,Bedok Reservoir Road (Blk 133),103.911764
2017-02-16,1.399025,Choa Chu Kang Street    62 (Blk 607),103.744255
2017-02-16,1.400859,Choa Chu Kang Street    62 (Blk 615),103.744837
2017-02-16,1.3075921,Dakota Crescent (Blk 60),103.888768
2017-02-16,1.308567,Old Airport Road    (Blk 99),103.887961
2017-02-16,1.3450189,Jurong West Street 81 (Blk 817),103.6954006
2017-02-16,1.3449032,Jurong West Street 81 (Blk 831),103.694627
2017-02-16,1.2874073,Redhill Lane (Blk 82),103.8195071
2017-02-16,1.2873313,Redhill Lane (Blk 85),103.8183546
2017-02-16,1.3544733,Tampines Street    23 (Blk 212),103.9539937
2017-02-16,1.3550861,Tampines Street    23 (Blk 225),103.9539004
2017-02-16,1.362981,Tampines Street 45    (Blk 498H),103.957455
2017-02-16,1.363309,Tampines Street    45 (Blk 498J),103.956916
2017-02-17,1.347401,Tampines Street 11 (Blk    101),103.945289
2017-02-17,1.346834,Tampines Street 11 (Blk    102),103.945761
2017-02-17,1.3476305,Tampines Street 11 (Blk    103),103.9461075
2017-02-17,1.347294,Tampines Street 11 (Blk    104),103.946427
2017-02-17,1.3483565,Tampines Street 11 (Blk    107),103.9481571
2017-02-17,1.3465011,Tampines Street 11 (Blk    113),103.9462854
2017-02-17,1.3454105,Tampines Street 11 (Blk    138),103.9454468
2017-02-17,1.3463797,Tampines Street 11 (Blk    139),103.9445192
2017-02-17,1.3444958,Tampines Street 11 (Tampines Court),103.948072
2017-02-17,1.299809,Beach Road,103.8596409
2017-02-17,1.4180128,Sungei Kadut Street 1,103.7510568
2017-02-17,1.35754,Tampines Street 41 (Blk    421),103.947546
2017-02-17,1.357129,Tampines Street 41 (Blk    423),103.947519
2017-02-17,1.357438,Tampines Street 41 (Blk    424),103.948133
2017-02-17,1.33125,Bedok Reservoir Road (Blk 121),103.909938
2017-02-17,1.332419,Bedok Reservoir Road (Blk 133),103.911764
2017-02-17,1.399025,Choa Chu Kang Street 62 (Blk    607),103.744255
2017-02-17,1.400859,Choa Chu Kang Street 62 (Blk    615),103.744837
2017-02-17,1.3075921,Dakota Crescent (Blk 60),103.888768
2017-02-17,1.308567,Old Airport Road (Blk 99),103.887961
2017-02-17,1.3257381,Jalan Manis,103.8633699
2017-02-17,1.3260412,Jalan Taman,103.864795
2017-02-17,1.2874073,Redhill Lane (Blk 82),103.8195071
2017-02-17,1.2873313,Redhill Lane (Blk 85),103.8183546
2017-02-17,1.3544733,Tampines Street 23 (Blk    212),103.9539937
2017-02-17,1.3550861,Tampines Street 23 (Blk    225),103.9539004
2017-02-17,1.362981,Tampines Street 45 (Blk    498H),103.957455
2017-02-17,1.363309,Tampines Street 45 (Blk    498J),103.956916
2017-02-17,1.4335431,Yishun Ring Road (Blk 110),103.8291301
2017-02-17,1.434258,Yishun Ring Road (Blk 112),103.828858
2017-02-18,1.347401,Tampines Street 11 (Blk    101),103.945289
2017-02-18,1.346834,Tampines Street 11 (Blk    102),103.945761
2017-02-18,1.3476305,Tampines Street 11 (Blk    103),103.9461075
2017-02-18,1.347294,Tampines Street 11 (Blk    104),103.946427
2017-02-18,1.3483565,Tampines Street 11 (Blk    107),103.9481571
2017-02-18,1.3465011,Tampines Street 11 (Blk    113),103.9462854
2017-02-18,1.3454105,Tampines Street 11 (Blk    138),103.9454468
2017-02-18,1.3463797,Tampines Street 11 (Blk    139),103.9445192
2017-02-18,1.3444958,Tampines Street 11 (Tampines Court),103.948072
2017-02-18,1.299809,Beach Road,103.8596409
2017-02-18,1.35754,Tampines Street 41 (Blk    421),103.947546
2017-02-18,1.357129,Tampines Street 41 (Blk    423),103.947519
2017-02-18,1.357438,Tampines Street 41 (Blk    424),103.948133
2017-02-18,1.33125,Bedok Reservoir Road (Blk 121),103.909938
2017-02-18,1.332419,Bedok Reservoir Road (Blk 133),103.911764
2017-02-18,1.399025,Choa Chu Kang Street 62 (Blk    607),103.744255
2017-02-18,1.400859,Choa Chu Kang Street 62 (Blk    615),103.744837
2017-02-18,1.3075921,Dakota Crescent (Blk 60),103.888768
2017-02-18,1.308567,Old Airport Road (Blk 99),103.887961
2017-02-18,1.3260412,Jalan Taman,103.864795
2017-02-18,1.3263869,Saint Michael's Road (Sunville),103.8635173
2017-02-18,1.4335431,Yishun Ring Road (Blk 110),103.8291301
2017-02-18,1.434258,Yishun Ring Road (Blk 112),103.828858
2017-02-19,1.347401,Tampines Street 11 (Blk    101),103.945289
2017-02-19,1.346834,Tampines Street 11 (Blk    102),103.945761
2017-02-19,1.3476305,Tampines Street 11 (Blk    103),103.9461075
2017-02-19,1.347294,Tampines Street 11 (Blk    104),103.946427
2017-02-19,1.3483565,Tampines Street 11 (Blk    107),103.9481571
2017-02-19,1.3465011,Tampines Street 11 (Blk    113),103.9462854
2017-02-19,1.3454105,Tampines Street 11 (Blk    138),103.9454468
2017-02-19,1.3463797,Tampines Street 11 (Blk    139),103.9445192
2017-02-19,1.3444958,Tampines Street 11 (Tampines Court),103.948072
2017-02-19,1.299809,Beach Road,103.8596409
2017-02-19,1.35754,Tampines Street 41 (Blk    421),103.947546
2017-02-19,1.357129,Tampines Street 41 (Blk    423),103.947519
2017-02-19,1.357438,Tampines Street 41 (Blk    424),103.948133
2017-02-19,1.33125,Bedok Reservoir Road (Blk 121),103.909938
2017-02-19,1.332419,Bedok Reservoir Road (Blk 133),103.911764
2017-02-19,1.399025,Choa Chu Kang Street 62 (Blk    607),103.744255
2017-02-19,1.400859,Choa Chu Kang Street 62 (Blk    615),103.744837
2017-02-19,1.3075921,Dakota Crescent (Blk 60),103.888768
2017-02-19,1.308567,Old Airport Road (Blk 99),103.887961
2017-02-19,1.3260412,Jalan Taman,103.864795
2017-02-19,1.3263869,Saint Michael's Road (Sunville),103.8635173
2017-02-19,1.4335431,Yishun Ring Road (Blk 110),103.8291301
2017-02-19,1.434258,Yishun Ring Road (Blk 112),103.828858
2017-02-20,1.347401,Tampines Street 11 (Blk    101),103.945289
2017-02-20,1.346834,Tampines Street 11 (Blk    102),103.945761
2017-02-20,1.3476305,Tampines Street 11 (Blk    103),103.9461075
2017-02-20,1.347294,Tampines Street 11 (Blk    104),103.946427
2017-02-20,1.3483565,Tampines Street 11 (Blk    107),103.9481571
2017-02-20,1.3465011,Tampines Street 11 (Blk    113),103.9462854
2017-02-20,1.3454105,Tampines Street 11 (Blk    138),103.9454468
2017-02-20,1.3463797,Tampines Street 11 (Blk    139),103.9445192
2017-02-20,1.3444958,Tampines Street 11 (Tampines Court),103.948072
2017-02-20,1.299809,Beach Road,103.8596409
2017-02-20,1.35754,Tampines Street 41 (Blk    421),103.947546
2017-02-20,1.357129,Tampines Street 41 (Blk    423),103.947519
2017-02-20,1.357438,Tampines Street 41 (Blk    424),103.948133
2017-02-20,1.33125,Bedok Reservoir Road (Blk 121),103.909938
2017-02-20,1.332419,Bedok Reservoir Road (Blk 133),103.911764
2017-02-20,1.399025,Choa Chu Kang Street 62 (Blk    607),103.744255
2017-02-20,1.400859,Choa Chu Kang Street 62 (Blk    615),103.744837
2017-02-20,1.3075921,Dakota Crescent (Blk 60),103.888768
2017-02-20,1.308567,Old Airport Road (Blk 99),103.887961
2017-02-20,1.3260412,Jalan Taman,103.864795
2017-02-20,1.3263869,Saint Michael's Road (Sunville),103.8635173
2017-02-20,1.4335431,Yishun Ring Road (Blk 110),103.8291301
2017-02-20,1.434258,Yishun Ring Road (Blk 112),103.828858
2017-02-21,1.347401,Tampines Street 11 (Blk    101),103.945289
2017-02-21,1.346834,Tampines Street 11 (Blk    102),103.945761
2017-02-21,1.3476305,Tampines Street 11 (Blk    103),103.9461075
2017-02-21,1.347294,Tampines Street 11 (Blk    104),103.946427
2017-02-21,1.3483565,Tampines Street 11 (Blk    107),103.9481571
2017-02-21,1.3465011,Tampines Street 11 (Blk    113),103.9462854
2017-02-21,1.3454105,Tampines Street 11 (Blk    138),103.9454468
2017-02-21,1.3463797,Tampines Street 11 (Blk    139),103.9445192
2017-02-21,1.3444958,Tampines Street 11 (Tampines Court),103.948072
2017-02-21,1.3269384,Jalan Kemaman,103.8508003
2017-02-21,1.3265405,Jalan Kemaman (Kemaman Point),103.8508373
2017-02-21,1.35754,Tampines Street 41 (Blk    421),103.947546
2017-02-21,1.357129,Tampines Street 41 (Blk    423),103.947519
2017-02-21,1.357438,Tampines Street 41 (Blk    424),103.948133
2017-02-21,1.33125,Bedok Reservoir Road (Blk 121),103.909938
2017-02-21,1.332419,Bedok Reservoir Road (Blk 133),103.911764
2017-02-21,1.399025,Choa Chu Kang Street 62 (Blk    607),103.744255
2017-02-21,1.400859,Choa Chu Kang Street 62 (Blk    615),103.744837
2017-02-21,1.3075921,Dakota Crescent (Blk 60),103.888768
2017-02-21,1.308567,Old Airport Road (Blk 99),103.887961
2017-02-21,1.3260412,Jalan Taman,103.864795
2017-02-21,1.3263869,Saint Michael's Road (Sunville),103.8635173
2017-02-21,1.3717863,Old Choa Chu Kang Road,103.7053211
2017-02-21,1.4335431,Yishun Ring Road (Blk 110),103.8291301
2017-02-21,1.434258,Yishun Ring Road (Blk 112),103.828858
2017-02-22,1.347401,Tampines Street 11 (Blk    101),103.945289
2017-02-22,1.346834,Tampines Street 11 (Blk    102),103.945761
2017-02-22,1.3476305,Tampines Street 11 (Blk    103),103.9461075
2017-02-22,1.347294,Tampines Street 11 (Blk    104),103.946427
2017-02-22,1.3483565,Tampines Street 11 (Blk    107),103.9481571
2017-02-22,1.347925,Tampines Street 11 (Blk 108),103.948375
2017-02-22,1.3465011,Tampines Street 11 (Blk    113),103.9462854
2017-02-22,1.3454105,Tampines Street 11 (Blk    138),103.9454468
2017-02-22,1.3463797,Tampines Street 11 (Blk    139),103.9445192
2017-02-22,1.3444958,Tampines Street 11 (Tampines Court),103.948072
2017-02-22,1.3269384,Jalan Kemaman,103.8508003
2017-02-22,1.3265405,Jalan Kemaman (Kemaman Point),103.8508373
2017-02-22,1.35754,Tampines Street 41 (Blk    421),103.947546
2017-02-22,1.357129,Tampines Street 41 (Blk    423),103.947519
2017-02-22,1.357438,Tampines Street 41 (Blk    424),103.948133
2017-02-22,1.33125,Bedok Reservoir Road (Blk 121),103.909938
2017-02-22,1.332419,Bedok Reservoir Road (Blk 133),103.911764
2017-02-22,1.399025,Choa Chu Kang Street 62 (Blk    607),103.744255
2017-02-22,1.400859,Choa Chu Kang Street 62 (Blk    615),103.744837
2017-02-22,1.3260412,Jalan Taman,103.864795
2017-02-22,1.3263869,Saint Michael's Road (Sunville),103.8635173
2017-02-22,1.3717863,Old Choa Chu Kang Road,103.7053211
2017-02-22,1.4335431,Yishun Ring Road (Blk 110),103.8291301
2017-02-22,1.434258,Yishun Ring Road (Blk 112),103.828858
2017-02-23,1.347401,Tampines Street 11 (Blk    101),103.945289
2017-02-23,1.346834,Tampines Street 11 (Blk    102),103.945761
2017-02-23,1.3476305,Tampines Street 11 (Blk    103),103.9461075
2017-02-23,1.347294,Tampines Street 11 (Blk    104),103.946427
2017-02-23,1.3483565,Tampines Street 11 (Blk    107),103.9481571
2017-02-23,1.347925,Tampines Street 11 (Blk    108),103.948375
2017-02-23,1.3465011,Tampines Street 11 (Blk    113),103.9462854
2017-02-23,1.3454105,Tampines Street 11 (Blk    138),103.9454468
2017-02-23,1.3463797,Tampines Street 11 (Blk    139),103.9445192
2017-02-23,1.3444958,Tampines Street 11 (Tampines Court),103.948072
2017-02-23,1.3269384,Jalan Kemaman,103.8508003
2017-02-23,1.3265405,Jalan Kemaman (Kemaman Point),103.8508373
2017-02-23,1.33125,Bedok Reservoir Road (Blk 121),103.909938
2017-02-23,1.332419,Bedok Reservoir Road (Blk 133),103.911764
2017-02-23,1.35754,Tampines Street 41 (Blk    421),103.947546
2017-02-23,1.357129,Tampines Street 41 (Blk    423),103.947519
2017-02-23,1.357438,Tampines Street 41 (Blk    424),103.948133
2017-02-23,1.3260412,Jalan Taman,103.864795
2017-02-23,1.3263869,Saint Michael's Road (Sunville),103.8635173
2017-02-23,1.3717863,Old Choa Chu Kang Road,103.7053211
2017-02-23,1.4335431,Yishun Ring Road (Blk 110),103.8291301
2017-02-23,1.434258,Yishun Ring Road (Blk 112),103.828858
2017-02-24,1.3269384,Jalan Kemaman,103.8508003
2017-02-24,1.3265405,Jalan Kemaman (Kemaman Point),103.8508373
2017-02-24,1.35754,Tampines Street 41 (Blk    421),103.947546
2017-02-24,1.357129,Tampines Street 41 (Blk    423),103.947519
2017-02-24,1.357438,Tampines Street 41 (Blk    424),103.948133
2017-02-24,1.33125,Bedok Reservoir Road (Blk 121),103.909938
2017-02-24,1.332419,Bedok Reservoir Road (Blk 133),103.911764
2017-02-24,1.3240479,Geylang Bahru (Blk    54),103.8679726
2017-02-24,1.3231293,Geylang Bahru (Blk    57),103.8686562
2017-02-24,1.3260412,Jalan Taman,103.864795
2017-02-24,1.3263869,Saint Michael's Road (Sunville),103.8635173
2017-02-24,1.3416834,Jalan Tiga Ratus,103.9598895
2017-02-24,1.3427917,Meragi Terrace,103.9593535
2017-02-24,1.4178791,Miltonia Close,103.8474564
2017-02-24,1.4180531,Miltonia Close (Skies Miltonia),103.8481094
2017-02-24,1.304865,North Bridge Road (Blk 8),103.8636609
2017-02-24,1.305223,North Bridge Road (Blk 467),103.862775
2017-02-25,1.3269384,Jalan Kemaman,103.8508003
2017-02-25,1.3265405,Jalan Kemaman (Kemaman Point),103.8508373
2017-02-25,1.35754,Tampines Street 41 (Blk    421),103.947546
2017-02-25,1.357129,Tampines Street 41 (Blk    423),103.947519
2017-02-25,1.357438,Tampines Street 41 (Blk    424),103.948133
2017-02-25,1.304766,Beach Road (Blk 4),103.865086
2017-02-25,1.304865,North Bridge Road (Blk 8),103.8636609
2017-02-25,1.305223,North Bridge Road (Blk 467),103.862775
2017-02-25,1.33125,Bedok Reservoir Road (Blk 121),103.909938
2017-02-25,1.332419,Bedok Reservoir Road (Blk 133),103.911764
2017-02-25,1.349461,Lorong Lew Lian (Blk 6),103.877283
2017-02-25,1.3240479,Geylang Bahru (Blk    54),103.8679726
2017-02-25,1.3231293,Geylang Bahru (Blk    57),103.8686562
2017-02-25,1.3416834,Jalan Tiga Ratus,103.9598895
2017-02-25,1.3427917,Meragi Terrace,103.9593535
2017-02-25,1.4178791,Miltonia Close,103.8474564
2017-02-25,1.4180531,Miltonia Close (Skies Miltonia),103.8481094
2017-02-26,1.3269384,Jalan Kemaman,103.8508003
2017-02-26,1.3265405,Jalan Kemaman (Kemaman Point),103.8508373
2017-02-26,1.35754,Tampines Street 41 (Blk    421),103.947546
2017-02-26,1.357129,Tampines Street 41 (Blk    423),103.947519
2017-02-26,1.357438,Tampines Street 41 (Blk    424),103.948133
2017-02-26,1.304766,Beach Road (Blk 4),103.865086
2017-02-26,1.304865,North Bridge Road (Blk 8),103.8636609
2017-02-26,1.305223,North Bridge Road (Blk 467),103.862775
2017-02-26,1.33125,Bedok Reservoir Road (Blk 121),103.909938
2017-02-26,1.332419,Bedok Reservoir Road (Blk 133),103.911764
2017-02-26,1.349461,Lorong Lew Lian (Blk 6),103.877283
2017-02-26,1.3240479,Geylang Bahru (Blk    54),103.8679726
2017-02-26,1.3231293,Geylang Bahru (Blk    57),103.8686562
2017-02-26,1.3416834,Jalan Tiga Ratus,103.9598895
2017-02-26,1.3427917,Meragi Terrace,103.9593535
2017-02-26,1.4178791,Miltonia Close,103.8474564
2017-02-26,1.4180531,Miltonia Close (Skies Miltonia),103.8481094
2017-02-27,1.3262638,Jalan Kemaman,103.8502432
2017-02-27,1.3265405,Jalan Kemaman (Kemaman Point),103.8508373
2017-02-27,1.35754,Tampines Street 41 (Blk    421),103.947546
2017-02-27,1.357129,Tampines Street 41 (Blk    423),103.947519
2017-02-27,1.357438,Tampines Street 41 (Blk    424),103.948133
2017-02-27,1.304766,Beach Road (Blk 4),103.865086
2017-02-27,1.304865,North Bridge Road (Blk 8),103.8636609
2017-02-27,1.305223,North Bridge Road (Blk 467),103.862775
2017-02-27,1.33125,Bedok Reservoir Road (Blk 121),103.909938
2017-02-27,1.332419,Bedok Reservoir Road (Blk 133),103.911764
2017-02-27,1.349461,Lorong Lew Lian (Blk 6),103.877283
2017-02-27,1.3240479,Geylang Bahru (Blk    54),103.8679726
2017-02-27,1.3231293,Geylang Bahru (Blk    57),103.8686562
2017-02-27,1.3416834,Jalan Tiga Ratus,103.9598895
2017-02-27,1.3427917,Meragi Terrace,103.9593535
2017-02-27,1.4178791,Miltonia Close,103.8474564
2017-02-27,1.4180531,Miltonia Close (Skies Miltonia),103.8481094
2017-02-28,1.3262638,Jalan Kemaman,103.8502432
2017-02-28,1.3265405,Jalan Kemaman (Kemaman Point),103.8508373
2017-02-28,1.35754,Tampines Street    41 (Blk 421),103.947546
2017-02-28,1.357129,Tampines Street    41 (Blk 423),103.947519
2017-02-28,1.357438,Tampines Street    41 (Blk 424),103.948133
2017-02-28,1.304766,Beach Road (Blk 4),103.865086
2017-02-28,1.304865,North Bridge Road    (Blk 8),103.8636609
2017-02-28,1.305223,North Bridge Road    (Blk 467),103.862775
2017-02-28,1.33125,Bedok Reservoir Road (Blk 121),103.909938
2017-02-28,1.332419,Bedok Reservoir Road (Blk 133),103.911764
2017-02-28,1.349461,Lorong Lew Lian (Blk 6),103.877283
2017-02-28,1.3240479,Geylang Bahru (Blk 54),103.8679726
2017-02-28,1.3234976,Geylang Bahru (Blk 57),103.8690119
2017-02-28,1.3416834,Jalan Tiga Ratus,103.9598895
2017-02-28,1.3427917,Meragi Terrace,103.9593535
2017-02-28,1.4178765,Miltonia Close,103.8474543
2017-02-28,1.4180531,Miltonia Close (Skies Miltonia),103.8481094
2017-02-28,1.352539,Tampines Street    32 (Blk 337),103.959782
2017-02-28,1.351858,Tampines Street    33 (Blk 338),103.959553
2017-02-28,1.3262638,Jalan Kemaman,103.8502432
2017-02-28,1.3265405,Jalan Kemaman (Kemaman Point),103.8508373
2017-02-28,1.35754,Tampines Street    41 (Blk 421),103.947546
2017-02-28,1.357129,Tampines Street    41 (Blk 423),103.947519
2017-02-28,1.357438,Tampines Street    41 (Blk 424),103.948133
2017-02-28,1.304766,Beach Road (Blk 4),103.865086
2017-02-28,1.304865,North Bridge Road    (Blk 8),103.8636609
2017-02-28,1.305223,North Bridge Road    (Blk 467),103.862775
2017-02-28,1.33125,Bedok Reservoir Road (Blk 121),103.909938
2017-02-28,1.332419,Bedok Reservoir Road (Blk 133),103.911764
2017-02-28,1.349461,Lorong Lew Lian (Blk 6),103.877283
2017-02-28,1.3240479,Geylang Bahru (Blk 54),103.8679726
2017-02-28,1.3234976,Geylang Bahru (Blk 57),103.8690119
2017-02-28,1.3416834,Jalan Tiga Ratus,103.9598895
2017-02-28,1.3427917,Meragi Terrace,103.9593535
2017-02-28,1.4178765,Miltonia Close,103.8474543
2017-02-28,1.4180531,Miltonia Close (Skies Miltonia),103.8481094
2017-02-28,1.352539,Tampines Street    32 (Blk 337),103.959782
2017-02-28,1.351858,Tampines Street    33 (Blk 338),103.959553
2017-03-01,1.3262638,Jalan Kemaman,103.8502432
2017-03-01,1.3265405,Jalan Kemaman (Kemaman Point),103.8508373
2017-03-01,1.35754,Tampines Street    41 (Blk 421),103.947546
2017-03-01,1.357129,Tampines Street    41 (Blk 423),103.947519
2017-03-01,1.357438,Tampines Street    41 (Blk 424),103.948133
2017-03-01,1.304766,Beach Road (Blk 4),103.865086
2017-03-01,1.304865,North Bridge Road    (Blk 8),103.8636609
2017-03-01,1.305223,North Bridge Road    (Blk 467),103.862775
2017-03-01,1.33125,Bedok Reservoir Road (Blk 121),103.909938
2017-03-01,1.332419,Bedok Reservoir Road (Blk 133),103.911764
2017-03-01,1.349461,Lorong Lew Lian (Blk 6),103.877283
2017-03-01,1.3483565,Tampines Street    11 (Blk 107),103.9481571
2017-03-01,1.346944,Tampines Street    11 (Blk 111),103.947435
2017-03-01,1.3240479,Geylang Bahru (Blk 54),103.8679726
2017-03-01,1.3234976,Geylang Bahru (Blk 57),103.8690119
2017-03-01,1.3416834,Jalan Tiga Ratus,103.9598895
2017-03-01,1.3427917,Meragi Terrace,103.9593535
2017-03-01,1.4178765,Miltonia Close,103.8474543
2017-03-01,1.4180531,Miltonia Close (Skies Miltonia),103.8481094
2017-03-01,1.352539,Tampines Street    32 (Blk 337),103.959782
2017-03-01,1.351858,Tampines Street    33 (Blk 338),103.959553
2017-03-02,1.358232,Tampines Street    41 (Blk 418),103.947458
2017-03-02,1.35754,Tampines Street    41 (Blk 421),103.947546
2017-03-02,1.357129,Tampines Street    41 (Blk 423),103.947519
2017-03-02,1.357438,Tampines Street    41 (Blk 424),103.948133
2017-03-02,1.3262638,Jalan Kemaman,103.8502432
2017-03-02,1.3265405,Jalan Kemaman (Kemaman Point),103.8508373
2017-03-02,1.3483565,Tampines Street    11 (Blk 107),103.9481571
2017-03-02,1.346944,Tampines Street    11 (Blk 111),103.947435
2017-03-02,1.304766,Beach Road (Blk 4),103.865086
2017-03-02,1.304865,North Bridge Road    (Blk 8),103.8636609
2017-03-02,1.305223,North Bridge Road    (Blk 467),103.862775
2017-03-02,1.33125,Bedok Reservoir Road (Blk 121),103.909938
2017-03-02,1.332419,Bedok Reservoir Road (Blk 133),103.911764
2017-03-02,1.349461,Lorong Lew Lian (Blk 6),103.877283
2017-03-02,1.3240479,Geylang Bahru (Blk 54),103.8679726
2017-03-02,1.3234976,Geylang Bahru (Blk 57),103.8690119
2017-03-02,1.3416834,Jalan Tiga Ratus,103.9598895
2017-03-02,1.3427917,Meragi Terrace,103.9593535
2017-03-02,1.4178765,Miltonia Close,103.8474543
2017-03-02,1.4180531,Miltonia Close (Skies Miltonia),103.8481094
2017-03-02,1.352539,Tampines Street    32 (Blk 337),103.959782
2017-03-02,1.351858,Tampines Street    33 (Blk 338),103.959553
2017-03-03,1.358232,Tampines Street    41 (Blk 418),103.947458
2017-03-03,1.35754,Tampines Street    41 (Blk 421),103.947546
2017-03-03,1.357129,Tampines Street    41 (Blk 423),103.947519
2017-03-03,1.357438,Tampines Street    41 (Blk 424),103.948133
2017-03-03,1.3262638,Jalan Kemaman,103.8502432
2017-03-03,1.3265405,Jalan Kemaman (Kemaman Point),103.8508373
2017-03-03,1.3483565,Tampines Street    11 (Blk 107),103.9481571
2017-03-03,1.346944,Tampines Street    11 (Blk 111),103.947435
2017-03-03,1.304766,Beach Road (Blk 4),103.865086
2017-03-03,1.304865,North Bridge Road    (Blk 8),103.8636609
2017-03-03,1.305223,North Bridge Road    (Blk 467),103.862775
2017-03-03,1.33125,Bedok Reservoir Road (Blk 121),103.909938
2017-03-03,1.332419,Bedok Reservoir Road (Blk 133),103.911764
2017-03-03,1.349461,Lorong Lew Lian (Blk 6),103.877283
2017-03-03,1.3240479,Geylang Bahru (Blk 54),103.8679726
2017-03-03,1.3234976,Geylang Bahru (Blk 57),103.8690119
2017-03-03,1.3416834,Jalan Tiga Ratus,103.9598895
2017-03-03,1.3427917,Meragi Terrace,103.9593535
2017-03-04,1.3268506,Boon Teck Road,103.8500454
2017-03-04,1.3262638,Jalan Kemaman,103.8502432
2017-03-04,1.3265405,Jalan Kemaman (Kemaman Point),103.8508373
2017-03-04,1.358232,Tampines Street    41 (Blk 418),103.947458
2017-03-04,1.35754,Tampines Street    41 (Blk 421),103.947546
2017-03-04,1.357129,Tampines Street    41 (Blk 423),103.947519
2017-03-04,1.357438,Tampines Street    41 (Blk 424),103.948133
2017-03-04,1.3483565,Tampines Street 11    (Blk 107),103.9481571
2017-03-04,1.346944,Tampines Street    11 (Blk 111),103.947435
2017-03-04,1.304766,Beach Road (Blk 4),103.865086
2017-03-04,1.304865,North Bridge Road    (Blk 8),103.8636609
2017-03-04,1.305223,North Bridge Road    (Blk 467),103.862775
2017-03-04,1.3240479,Geylang Bahru (Blk 54),103.8679726
2017-03-04,1.3234976,Geylang Bahru (Blk 57),103.8690119
2017-03-04,1.322958,Geylang Bahru (Blk 61),103.869896
2017-03-04,1.349461,Lorong Lew Lian (Blk 6),103.877283
2017-03-05,1.3268506,Boon Teck Road,103.8500454
2017-03-05,1.3262638,Jalan Kemaman,103.8502432
2017-03-05,1.3265405,Jalan Kemaman (Kemaman Point),103.8508373
2017-03-05,1.358232,Tampines Street    41 (Blk 418),103.947458
2017-03-05,1.35754,Tampines Street    41 (Blk 421),103.947546
2017-03-05,1.357129,Tampines Street    41 (Blk 423),103.947519
2017-03-05,1.357438,Tampines Street    41 (Blk 424),103.948133
2017-03-05,1.3483565,Tampines Street 11    (Blk 107),103.9481571
2017-03-05,1.346944,Tampines Street    11 (Blk 111),103.947435
2017-03-05,1.304766,Beach Road (Blk 4),103.865086
2017-03-05,1.304865,North Bridge Road    (Blk 8),103.8636609
2017-03-05,1.305223,North Bridge Road    (Blk 467),103.862775
2017-03-05,1.3240479,Geylang Bahru (Blk 54),103.8679726
2017-03-05,1.3234976,Geylang Bahru (Blk 57),103.8690119
2017-03-05,1.322958,Geylang Bahru (Blk 61),103.869896
2017-03-05,1.349461,Lorong Lew Lian (Blk 6),103.877283
2017-03-06,1.3268506,Boon Teck Road,103.8500454
2017-03-06,1.3262638,Jalan Kemaman,103.8502432
2017-03-06,1.3265405,Jalan Kemaman (Kemaman Point),103.8508373
2017-03-06,1.358232,Tampines Street    41 (Blk 418),103.947458
2017-03-06,1.35754,Tampines Street    41 (Blk 421),103.947546
2017-03-06,1.357129,Tampines Street    41 (Blk 423),103.947519
2017-03-06,1.357438,Tampines Street    41 (Blk 424),103.948133
2017-03-06,1.3483565,Tampines Street 11    (Blk 107),103.9481571
2017-03-06,1.346944,Tampines Street    11 (Blk 111),103.947435
2017-03-06,1.304766,Beach Road (Blk 4),103.865086
2017-03-06,1.304865,North Bridge Road    (Blk 8),103.8636609
2017-03-06,1.305223,North Bridge Road    (Blk 467),103.862775
2017-03-06,1.3240479,Geylang Bahru (Blk 54),103.8679726
2017-03-06,1.3234976,Geylang Bahru (Blk 57),103.8690119
2017-03-06,1.322958,Geylang Bahru (Blk 61),103.869896
2017-03-06,1.349461,Lorong Lew Lian (Blk 6),103.877283
2017-03-07,1.3268506,Boon Teck Road,103.8500454
2017-03-07,1.3262638,Jalan Kemaman,103.8502432
2017-03-07,1.3265405,Jalan Kemaman (Kemaman Point),103.8508373
2017-03-07,1.358232,Tampines Street    41 (Blk 418),103.947458
2017-03-07,1.35754,Tampines Street    41 (Blk 421),103.947546
2017-03-07,1.357129,Tampines Street    41 (Blk 423),103.947519
2017-03-07,1.357438,Tampines Street    41 (Blk 424),103.948133
2017-03-07,1.3483565,Tampines Street    11 (Blk 107),103.9481571
2017-03-07,1.346944,Tampines Street    11 (Blk 111),103.947435
2017-03-07,1.304766,Beach Road (Blk 4),103.865086
2017-03-07,1.304865,North Bridge Road    (Blk 8),103.8636609
2017-03-07,1.305223,North Bridge Road    (Blk 467),103.862775
2017-03-07,1.3240479,Geylang Bahru (Blk 54),103.8679726
2017-03-07,1.3234976,Geylang Bahru (Blk 57),103.8690119
2017-03-07,1.322958,Geylang Bahru (Blk 61),103.869896
2017-03-07,1.349461,Lorong Lew Lian (Blk 6),103.877283
2017-03-08,1.3268506,Boon Teck Road,103.8500454
2017-03-08,1.3262638,Jalan Kemaman,103.8502432
2017-03-08,1.3265405,Jalan Kemaman (Kemaman Point),103.8508373
2017-03-08,1.358232,Tampines Street    41 (Blk 418),103.947458
2017-03-08,1.35754,Tampines Street    41 (Blk 421),103.947546
2017-03-08,1.357129,Tampines Street    41 (Blk 423),103.947519
2017-03-08,1.357438,Tampines Street    41 (Blk 424),103.948133
2017-03-08,1.3483565,Tampines Street    11 (Blk 107),103.9481571
2017-03-08,1.346944,Tampines Street    11 (Blk 111),103.947435
2017-03-08,1.3240479,Geylang Bahru (Blk 54),103.8679726
2017-03-08,1.3234976,Geylang Bahru (Blk 57),103.8690119
2017-03-08,1.322958,Geylang Bahru (Blk 61),103.869896
2017-03-09,1.3268506,Boon Teck Road,103.8500454
2017-03-09,1.3262638,Jalan Kemaman,103.8502432
2017-03-09,1.3265405,Jalan Kemaman (Kemaman Point),103.8508373
2017-03-09,1.358232,Tampines Street    41 (Blk 418),103.947458
2017-03-09,1.35754,Tampines Street    41 (Blk 421),103.947546
2017-03-09,1.357129,Tampines Street    41 (Blk 423),103.947519
2017-03-09,1.357438,Tampines Street    41 (Blk 424),103.948133
2017-03-09,1.3240479,Geylang Bahru (Blk 54),103.8679726
2017-03-09,1.3234976,Geylang Bahru (Blk 57),103.8690119
2017-03-09,1.322958,Geylang Bahru (Blk 61),103.869896
2017-03-09,1.4424822,Yishun Industrial Park    A,103.834752
2017-03-10,1.3268506,Boon Teck Road,103.8500454
2017-03-10,1.3262638,Jalan Kemaman,103.8502432
2017-03-10,1.3265405,Jalan Kemaman (Kemaman Point),103.8508373
2017-03-10,1.358232,Tampines Street    41 (Blk 418),103.947458
2017-03-10,1.35754,Tampines Street    41 (Blk 421),103.947546
2017-03-10,1.357129,Tampines Street    41 (Blk 423),103.947519
2017-03-10,1.357438,Tampines Street    41 (Blk 424),103.948133
2017-03-10,1.3240479,Geylang Bahru (Blk 54),103.8679726
2017-03-10,1.3234976,Geylang Bahru (Blk 57),103.8690119
2017-03-10,1.322958,Geylang Bahru (Blk 61),103.869896
2017-03-10,1.3110822,Onan Road,103.9004189
2017-03-10,1.3060073,Onan Road    (Malvern Springs),103.9038464
2017-03-10,1.4424822,Yishun Industrial Park    A,103.834752
2017-03-11,1.3268506,Boon Teck Road,103.8500454
2017-03-11,1.3262638,Jalan Kemaman,103.8502432
2017-03-11,1.3265405,Jalan Kemaman (Kemaman Point),103.8508373
2017-03-11,1.358232,Tampines Street    41 (Blk 418),103.947458
2017-03-11,1.35754,Tampines Street    41 (Blk 421),103.947546
2017-03-11,1.357129,Tampines Street    41 (Blk 423),103.947519
2017-03-11,1.357438,Tampines Street    41 (Blk 424),103.948133
2017-03-11,1.3240479,Geylang Bahru (Blk 54),103.8679726
2017-03-11,1.3234976,Geylang Bahru (Blk 57),103.8690119
2017-03-11,1.322958,Geylang Bahru (Blk 61),103.869896
2017-03-11,1.4424822,Yishun Industrial Park    A,103.834752
2017-03-11,1.3268506,Boon Teck Road,103.8500454
2017-03-11,1.3262638,Jalan Kemaman,103.8502432
2017-03-11,1.3265405,Jalan Kemaman (Kemaman Point),103.8508373
2017-03-11,1.358232,Tampines Street    41 (Blk 418),103.947458
2017-03-11,1.35754,Tampines Street    41 (Blk 421),103.947546
2017-03-11,1.357129,Tampines Street    41 (Blk 423),103.947519
2017-03-11,1.357438,Tampines Street    41 (Blk 424),103.948133
2017-03-11,1.3240479,Geylang Bahru (Blk 54),103.8679726
2017-03-11,1.3234976,Geylang Bahru (Blk 57),103.8690119
2017-03-11,1.322958,Geylang Bahru (Blk 61),103.869896
2017-03-11,1.4424822,Yishun Industrial Park    A,103.834752
2017-03-12,1.3268506,Boon Teck Road,103.8500454
2017-03-12,1.3262638,Jalan Kemaman,103.8502432
2017-03-12,1.3265405,Jalan Kemaman (Kemaman Point),103.8508373
2017-03-12,1.358232,Tampines Street    41 (Blk 418),103.947458
2017-03-12,1.35754,Tampines Street    41 (Blk 421),103.947546
2017-03-12,1.357129,Tampines Street    41 (Blk 423),103.947519
2017-03-12,1.357438,Tampines Street    41 (Blk 424),103.948133
2017-03-12,1.3240479,Geylang Bahru (Blk 54),103.8679726
2017-03-12,1.3234976,Geylang Bahru (Blk 57),103.8690119
2017-03-12,1.322958,Geylang Bahru (Blk 61),103.869896
2017-03-12,1.4424822,Yishun Industrial Park    A,103.834752
2017-03-13,1.3268506,Boon Teck Road,103.8500454
2017-03-13,1.3262638,Jalan Kemaman,103.8502432
2017-03-13,1.3265405,Jalan Kemaman (Kemaman Point),103.8508373
2017-03-13,1.358232,Tampines Street    41 (Blk 418),103.947458
2017-03-13,1.35754,Tampines Street    41 (Blk 421),103.947546
2017-03-13,1.357129,Tampines Street    41 (Blk 423),103.947519
2017-03-13,1.357438,Tampines Street    41 (Blk 424),103.948133
2017-03-13,1.3240479,Geylang Bahru (Blk 54),103.8679726
2017-03-13,1.3234976,Geylang Bahru (Blk 57),103.8690119
2017-03-13,1.322958,Geylang Bahru (Blk 61),103.869896
2017-03-13,1.4424822,Yishun Industrial Park    A,103.834752
2017-03-14,1.3268506,Boon Teck Road,103.8500454
2017-03-14,1.3262638,Jalan Kemaman,103.8502432
2017-03-14,1.3265405,Jalan Kemaman (Kemaman Point),103.8508373
2017-03-14,1.358232,Tampines Street    41 (Blk 418),103.947458
2017-03-14,1.35754,Tampines Street    41 (Blk 421),103.947546
2017-03-14,1.357129,Tampines Street    41 (Blk 423),103.947519
2017-03-14,1.357438,Tampines Street    41 (Blk 424),103.948133
2017-03-14,1.3240479,Geylang Bahru (Blk 54),103.8679726
2017-03-14,1.3234976,Geylang Bahru (Blk 57),103.8690119
2017-03-14,1.322958,Geylang Bahru (Blk 61),103.869896
2017-03-14,1.4424822,Yishun Industrial Park    A,103.834752
2017-03-15,1.3240479,Geylang Bahru (Blk 54),103.8679726
2017-03-15,1.3234976,Geylang Bahru (Blk 57),103.8690119
2017-03-15,1.322958,Geylang Bahru (Blk 61),103.869896
2017-03-15,1.4424822,Yishun Industrial Park    A,103.834752
2017-03-16,1.3240479,Geylang Bahru (Blk 54),103.8679726
2017-03-16,1.3234976,Geylang Bahru (Blk 57),103.8690119
2017-03-16,1.322958,Geylang Bahru (Blk 61),103.869896
2017-03-16,1.379194,Pasir Ris Street 71 (Blk 747),103.934693
2017-03-16,1.3799289,Pasir Ris Street 72 (Whitewater),103.935354
2017-03-16,1.4424822,Yishun Industrial Park    A,103.834752
2017-03-17,1.379194,Pasir Ris Street 71 (Blk 747),103.934693
2017-03-17,1.3799289,Pasir Ris Street 72 (Whitewater),103.935354
2017-03-18,1.379194,Pasir Ris Street 71 (Blk 747),103.934693
2017-03-18,1.3799289,Pasir Ris Street 72 (Whitewater),103.935354
2017-03-19,1.379194,Pasir Ris Street 71 (Blk 747),103.934693
2017-03-19,1.3799289,Pasir Ris Street 72 (Whitewater),103.935354
2017-03-20,1.379194,Pasir Ris Street 71 (Blk 747),103.934693
2017-03-20,1.3799289,Pasir Ris Street 72 (Whitewater),103.935354
2017-03-21,1.379194,Pasir Ris Street 71 (Blk 747),103.934693
2017-03-21,1.3799289,Pasir Ris Street 72 (Whitewater),103.935354
2017-03-22,1.379194,Pasir Ris Street 71 (Blk 747),103.934693
2017-03-22,1.3799289,Pasir Ris Street 72 (Whitewater),103.935354
2017-03-23,1.379194,Pasir Ris Street 71 (Blk 747),103.934693
2017-03-23,1.3799289,Pasir Ris Street 72 (Whitewater),103.935354
2017-03-24,1.379194,Pasir Ris Street 71 (Blk 747),103.934693
2017-03-24,1.3799289,Pasir Ris Street 72 (Whitewater),103.935354
2017-03-25,1.379194,Pasir Ris Street 71 (Blk 747),103.934693
2017-03-25,1.3799289,Pasir Ris Street 72 (Whitewater),103.935354
2017-03-26,1.379194,Pasir Ris Street 71 (Blk 747),103.934693
2017-03-26,1.3799289,Pasir Ris Street 72 (Whitewater),103.935354
2017-03-27,1.379194,Pasir Ris Street 71 (Blk 747),103.934693
2017-03-27,1.3799289,Pasir Ris Street 72 (Whitewater),103.935354
2017-03-29,1.333639,Bedok North Street 3 (Blk 533),103.924036
2017-03-29,1.3331379,Bedok North Street 3 (Blk 534),103.9246468
2017-03-29,1.3326072,Bedok North Street 3 (Blk 556),103.9226175
2017-03-30,1.333639,Bedok North Street 3 (Blk 533),103.924036
2017-03-30,1.3331379,Bedok North Street 3 (Blk 534),103.9246468
2017-03-30,1.3326072,Bedok North Street 3 (Blk 556),103.9226175
2017-03-31,1.333639,Bedok North Street 3 (Blk 533),103.924036
2017-03-31,1.3331379,Bedok North Street 3 (Blk 534),103.9246468
2017-03-31,1.3326072,Bedok North Street 3 (Blk 556),103.9226175
2017-03-31,1.4282406,Cedarwood Grove,103.7785198
2017-03-31,1.4300827,Woodlands Street 32    (Blk 328),103.7793117
2017-04-01,1.333639,Bedok North Street 3 (Blk 533),103.924036
2017-04-01,1.3331379,Bedok North Street 3 (Blk 534),103.9246468
2017-04-01,1.3326072,Bedok North Street 3 (Blk 556),103.9226175
2017-04-01,1.4282406,Cedarwood Grove,103.7785198
2017-04-01,1.42946,Woodlands Avenue 1(Blk 331),103.778521
2017-04-01,1.4300827,Woodlands Street 32(Blk 328),103.7793117
2017-04-02,1.333639,Bedok North Street 3 (Blk 533),103.924036
2017-04-02,1.3331379,Bedok North Street 3 (Blk 534),103.9246468
2017-04-02,1.3326072,Bedok North Street 3 (Blk 556),103.9226175
2017-04-02,1.4282406,Cedarwood Grove,103.7785198
2017-04-02,1.42946,Woodlands Avenue 1(Blk 331),103.778521
2017-04-02,1.4300827,Woodlands Street 32(Blk 328),103.7793117
2017-04-03,1.333639,Bedok North Street 3 (Blk 533),103.924036
2017-04-03,1.3331379,Bedok North Street 3 (Blk 534),103.9246468
2017-04-03,1.3326072,Bedok North Street 3 (Blk 556),103.9226175
2017-04-03,1.4282406,Cedarwood Grove,103.7785198
2017-04-03,1.42946,Woodlands Avenue 1(Blk 331),103.778521
2017-04-03,1.4300827,Woodlands Street 32(Blk 328),103.7793117
2017-04-04,1.333639,Bedok North Street 3 (Blk 533),103.924036
2017-04-04,1.3331379,Bedok North Street 3 (Blk 534),103.9246468
2017-04-04,1.3326072,Bedok North Street 3 (Blk 556),103.9226175
2017-04-04,1.4282406,Cedarwood Grove,103.7785198
2017-04-04,1.42946,Woodlands Avenue 1(Blk 331),103.778521
2017-04-04,1.4300827,Woodlands Street 32(Blk 328),103.7793117
2017-04-05,1.3338021,Bedok North Street 3 (Blk 530),103.9269348
2017-04-05,1.333639,Bedok North Street 3 (Blk 533),103.924036
2017-04-05,1.3331379,Bedok North Street 3 (Blk 534),103.9246468
2017-04-05,1.3326072,Bedok North Street 3 (Blk 556),103.9226175
2017-04-05,1.4282406,Cedarwood Grove,103.7785198
2017-04-05,1.42946,Woodlands Avenue 1(Blk 331),103.778521
2017-04-05,1.4300827,Woodlands Street 32(Blk 328),103.7793117
2017-04-05,1.430413,Woodlands Street 32(Blk 329),103.778818
2017-04-05,1.3014879,Amber Gardens (OneAmber),103.8981665
2017-04-05,1.351207,Tampines Street 33(Blk 341),103.961011
2017-04-05,1.351945,Tampines Street 33(Blk 343),103.961193
2017-04-05,1.4308674,Yishun Street 11 (Blk 150),103.8337198
2017-04-05,1.429351,Yishun Street 72 (Blk 745),103.83332
2017-04-06,1.3338021,Bedok North Street 3 (Blk 530),103.9269348
2017-04-06,1.333639,Bedok North Street 3 (Blk 533),103.924036
2017-04-06,1.3331379,Bedok North Street 3 (Blk 534),103.9246468
2017-04-06,1.3326072,Bedok North Street 3 (Blk 556),103.9226175
2017-04-06,1.4282406,Cedarwood Grove,103.7785198
2017-04-06,1.42946,Woodlands Avenue 1    (Blk 331),103.778521
2017-04-06,1.4300827,Woodlands Street 32    (Blk 328),103.7793117
2017-04-06,1.430413,Woodlands Street 32    (Blk 329),103.778818
2017-04-06,1.3014879,Amber Gardens (One    Amber),103.8981665
2017-04-06,1.351207,Tampines Street 33    (Blk 341),103.961011
2017-04-06,1.351945,Tampines Street 33    (Blk 343),103.961193
2017-04-06,1.4308674,Yishun Street 11 (Blk 150),103.8337198
2017-04-06,1.429351,Yishun Street 72 (Blk 745),103.83332
2017-04-07,1.3338021,Bedok North Street 3 (Blk 530),103.9269348
2017-04-07,1.333639,Bedok North Street 3 (Blk 533),103.924036
2017-04-07,1.3331379,Bedok North Street 3 (Blk 534),103.9246468
2017-04-07,1.3326072,Bedok North Street 3 (Blk 556),103.9226175
2017-04-07,1.4282406,Cedarwood Grove,103.7785198
2017-04-07,1.42946,Woodlands Avenue 1    (Blk 331),103.778521
2017-04-07,1.4300827,Woodlands Street 32    (Blk 328),103.7793117
2017-04-07,1.430413,Woodlands Street 32    (Blk 329),103.778818
2017-04-07,1.3014879,Amber Gardens (One    Amber),103.8981665
2017-04-07,1.4432276,Marsiling Drive (Blk 31),103.7725394
2017-04-07,1.4418447,Woodlands Centre Road    (Blk 1A),103.7705762
2017-04-07,1.351207,Tampines Street 33    (Blk 341),103.961011
2017-04-07,1.351945,Tampines Street 33    (Blk 343),103.961193
2017-04-07,1.4308674,Yishun Street 11 (Blk 150),103.8337198
2017-04-07,1.429351,Yishun Street 72 (Blk 745),103.83332
2017-04-08,1.3338021,Bedok North Street 3 (Blk 530),103.9269348
2017-04-08,1.333639,Bedok North Street 3 (Blk 533),103.924036
2017-04-08,1.3331379,Bedok North Street 3 (Blk 534),103.9246468
2017-04-08,1.3326072,Bedok North Street 3 (Blk 556),103.9226175
2017-04-08,1.4282406,Cedarwood Grove,103.7785198
2017-04-08,1.42946,Woodlands Avenue 1    (Blk 331),103.778521
2017-04-08,1.4300827,Woodlands Street 32    (Blk 328),103.7793117
2017-04-08,1.430413,Woodlands Street 32    (Blk 329),103.778818
2017-04-08,1.3014879,Amber Gardens (One    Amber),103.8981665
2017-04-08,1.351207,Tampines Street 33    (Blk 341),103.961011
2017-04-08,1.351945,Tampines Street 33    (Blk 343),103.961193
2017-04-08,1.4308674,Yishun Street 11 (Blk 150),103.8337198
2017-04-08,1.429351,Yishun Street 72 (Blk 745),103.83332
2017-04-09,1.3338021,Bedok North Street 3 (Blk 530),103.9269348
2017-04-09,1.333639,Bedok North Street 3 (Blk 533),103.924036
2017-04-09,1.3331379,Bedok North Street 3 (Blk 534),103.9246468
2017-04-09,1.3326072,Bedok North Street 3 (Blk 556),103.9226175
2017-04-09,1.4282406,Cedarwood Grove,103.7785198
2017-04-09,1.42946,Woodlands Avenue 1    (Blk 331),103.778521
2017-04-09,1.4300827,Woodlands Street 32    (Blk 328),103.7793117
2017-04-09,1.430413,Woodlands Street 32    (Blk 329),103.778818
2017-04-09,1.3014879,Amber Gardens (One    Amber),103.8981665
2017-04-09,1.351207,Tampines Street 33    (Blk 341),103.961011
2017-04-09,1.351945,Tampines Street 33    (Blk 343),103.961193
2017-04-09,1.4308674,Yishun Street 11 (Blk 150),103.8337198
2017-04-09,1.429351,Yishun Street 72 (Blk 745),103.83332
2017-04-10,1.3338021,Bedok North Street 3 (Blk 530),103.9269348
2017-04-10,1.333639,Bedok North Street 3 (Blk 533),103.924036
2017-04-10,1.3331379,Bedok North Street 3 (Blk 534),103.9246468
2017-04-10,1.3326072,Bedok North Street 3 (Blk 556),103.9226175
2017-04-10,1.4282406,Cedarwood Grove,103.7785198
2017-04-10,1.42946,Woodlands Avenue 1    (Blk 331),103.778521
2017-04-10,1.4300827,Woodlands Street 32    (Blk 328),103.7793117
2017-04-10,1.430413,Woodlands Street 32    (Blk 329),103.778818
2017-04-10,1.3014879,Amber Gardens (One    Amber),103.8981665
2017-04-10,1.351207,Tampines Street 33    (Blk 341),103.961011
2017-04-10,1.351945,Tampines Street 33    (Blk 343),103.961193
2017-04-10,1.4308674,Yishun Street 11 (Blk 150),103.8337198
2017-04-10,1.429351,Yishun Street 72 (Blk 745),103.83332
2017-04-11,1.3338021,Bedok North Street 3 (Blk 530),103.9269348
2017-04-11,1.333639,Bedok North Street 3 (Blk 533),103.924036
2017-04-11,1.3331379,Bedok North Street 3 (Blk 534),103.9246468
2017-04-11,1.3326072,Bedok North Street 3 (Blk 556),103.9226175
2017-04-11,1.4282406,Cedarwood Grove,103.7785198
2017-04-11,1.42946,Woodlands Avenue 1    (Blk 331),103.778521
2017-04-11,1.4300827,Woodlands Street 32    (Blk 328),103.7793117
2017-04-11,1.430413,Woodlands Street 32    (Blk 329),103.778818
2017-04-11,1.3014879,Amber Gardens (One    Amber),103.8981665
2017-04-11,1.351207,Tampines Street 33    (Blk 341),103.961011
2017-04-11,1.351945,Tampines Street 33    (Blk 343),103.961193
2017-04-11,1.4308674,Yishun Street 11 (Blk 150),103.8337198
2017-04-11,1.429351,Yishun Street 72 (Blk 745),103.83332
2017-04-12,1.3338021,Bedok North Street 3 (Blk 530),103.9269348
2017-04-12,1.333639,Bedok North Street 3 (Blk 533),103.924036
2017-04-12,1.3331379,Bedok North Street 3 (Blk 534),103.9246468
2017-04-12,1.3326072,Bedok North Street 3 (Blk 556),103.9226175
2017-04-12,1.2973859,Stirling Road (Blk 45),103.8029498
2017-04-12,1.4308674,Yishun Street 11 (Blk 150),103.8337198
2017-04-12,1.429351,Yishun Street 72 (Blk 745),103.83332
2017-04-13,1.3338021,Bedok North Street 3 (Blk 530),103.9269348
2017-04-13,1.333639,Bedok North Street 3 (Blk 533),103.924036
2017-04-13,1.3331379,Bedok North Street 3 (Blk 534),103.9246468
2017-04-13,1.3326072,Bedok North Street 3 (Blk 556),103.9226175
2017-04-13,1.3286033,Bedok North Avenue 2 (Blk 408),103.9326509
2017-04-13,1.328376,Bedok North Avenue 2 (Blk 411),103.9315353
2017-04-13,1.2973859,Stirling Road (Blk 45),103.8029498
2017-04-13,1.4308674,Yishun Street 11 (Blk 150),103.8337198
2017-04-13,1.429351,Yishun Street 72 (Blk 745),103.83332
2017-04-14,1.3337144,Bedok North Street 3 (Blk 530),103.9269518
2017-04-14,1.3335837,Bedok North Street 3 (Blk 533),103.9242327
2017-04-14,1.333142,Bedok North Street 3 (Blk 534),103.9246859
2017-04-14,1.3326072,Bedok North Street 3 (Blk 556),103.9226175
2017-04-14,1.3299263,Balam Road (Blk 31),103.8858085
2017-04-14,1.3282246,Circuit Road (Blk 37),103.8864076
2017-04-14,1.3284865,Bedok North Avenue 2 (Blk 408),103.9326621
2017-04-14,1.3283459,Bedok North Avenue 2 (Blk 411),103.931665
2017-04-14,1.2974886,Stirling Road (Blk 45),103.8030384
2017-04-14,1.42946,Woodlands Avenue 1    (Blk 331),103.778521
2017-04-15,1.3337144,Bedok North Street 3 (Blk 530),103.9269518
2017-04-15,1.3335837,Bedok North Street 3 (Blk 533),103.9242327
2017-04-15,1.333142,Bedok North Street 3 (Blk 534),103.9246859
2017-04-15,1.3326072,Bedok North Street 3 (Blk 556),103.9226175
2017-04-15,1.3299263,Balam Road (Blk 31),103.8858085
2017-04-15,1.3282246,Circuit Road (Blk 37),103.8864076
2017-04-15,1.3284865,Bedok North Avenue 2 (Blk 408),103.9326621
2017-04-15,1.3283459,Bedok North Avenue 2 (Blk 411),103.931665
2017-04-15,1.2974886,Stirling Road (Blk 45),103.8030384
2017-04-15,1.42946,Woodlands Avenue 1    (Blk 331),103.778521
2017-04-16,1.3337144,Bedok North Street 3 (Blk 530),103.9269518
2017-04-16,1.3335837,Bedok North Street 3 (Blk 533),103.9242327
2017-04-16,1.333142,Bedok North Street 3 (Blk 534),103.9246859
2017-04-16,1.3326072,Bedok North Street 3 (Blk 556),103.9226175
2017-04-16,1.3299263,Balam Road (Blk 31),103.8858085
2017-04-16,1.3282246,Circuit Road (Blk 37),103.8864076
2017-04-16,1.3284865,Bedok North Avenue 2 (Blk 408),103.9326621
2017-04-16,1.3283459,Bedok North Avenue 2 (Blk 411),103.931665
2017-04-16,1.2974886,Stirling Road (Blk 45),103.8030384
2017-04-16,1.42946,Woodlands Avenue 1    (Blk 331),103.778521
2017-04-17,1.3337144,Bedok North Street 3 (Blk 530),103.9269518
2017-04-17,1.3335837,Bedok North Street 3 (Blk 533),103.9242327
2017-04-17,1.333142,Bedok North Street 3 (Blk 534),103.9246859
2017-04-17,1.3326072,Bedok North Street 3 (Blk 556),103.9226175
2017-04-17,1.3299263,Balam Road (Blk 31),103.8858085
2017-04-17,1.3282246,Circuit Road (Blk 37),103.8864076
2017-04-17,1.3284865,Bedok North Avenue 2 (Blk 408),103.9326621
2017-04-17,1.3283459,Bedok North Avenue 2 (Blk 411),103.931665
2017-04-17,1.2974886,Stirling Road (Blk 45),103.8030384
2017-04-17,1.42946,Woodlands Avenue 1    (Blk 331),103.778521
