Date,Locations,Latitude,Longitude
2017-02-02,Tampines Street 11 (Blk 101),1.347401,103.945289
2017-02-02,Tampines Street 11 (Blk 102),1.346834,103.945761
2017-02-02,Tampines Street 11 (Blk 103),1.3476305,103.9461075
2017-02-02,Tampines Street 11 (Blk 104),1.347294,103.946427
2017-02-02,Tampines Street 11 (Blk 113),1.3465011,103.9462854
2017-02-02,Tampines Street 11 (Blk 138),1.3454105,103.9454468
2017-02-02,Tampines Street 11 (Tampines Court),1.3444958,103.948072
2017-02-02,Irrawaddy Road,1.3228957,103.8455712
2017-02-02,Tampines Avenue 5 (Blk 146),1.348188,103.942383
2017-02-02,Tampines Street 12 (Blk 140),1.3475034,103.943485
2017-02-02,Tampines Street 12 (Blk 141),1.348385,103.94473
2017-02-02,Tampines Street 12 (Blk 143),1.348109,103.943659
2017-02-02,Hougang Avenue 8 (Blk 467),1.373362,103.8968019
2017-02-02,Hougang Avenue 10 (Blk 403),1.374663,103.896376
2017-02-02,Hougang Avenue 10 (Blk 408),1.3733172,103.895332
2017-02-02,Tampines Street 82 (Blk 842D),1.350657,103.937465
2017-02-02,Tampines Street 82 (Blk 842E),1.3517539,103.938303
2017-02-02,Tampines Street 82 (Blk 856F),1.352973,103.938309
2017-02-02,Ang Mo Kio Street 52 (Blk 588A),1.3721095,103.8526723
2017-02-02,Ang Mo Kio Street 52 (Blk 588B),1.3720001,103.8529979
2017-02-02,Bukit Batok East Avenue 3 (Blk 222),1.3478138,103.7539445
2017-02-02,Bukit Batok East Avenue 5 (Blk 233),1.3487369,103.755312
2017-02-02,Shaw Road,1.336857,103.8846736
2017-02-02,Toa Payoh North (Blk 205),1.3420217,103.8482738
2017-02-02,Toa Payoh North (Blk 207),1.342398,103.845517
2017-02-03,Tampines Street    11 (Blk 101),1.347401,103.945289
2017-02-03,Tampines Street    11 (Blk 102),1.346834,103.945761
2017-02-03,Tampines Street    11 (Blk 103),1.3476305,103.9461075
2017-02-03,Tampines Street    11 (Blk 104),1.347294,103.946427
2017-02-03,Tampines Street    11 (Blk 113),1.3465011,103.9462854
2017-02-03,Tampines Street    11 (Blk 138),1.3454105,103.9454468
2017-02-03,Tampines Street    11 (Tampines Court),1.3444958,103.948072
2017-02-03,Tampines Avenue 4,1.3516881,103.9413248
2017-02-03,Tampines Street    82 (Blk 842D),1.350657,103.937465
2017-02-03,Tampines Street    82 (Blk 842E),1.3517539,103.938303
2017-02-03,Tampines Street    82 (Blk 856F),1.352973,103.938309
2017-02-03,Hougang Avenue 8 (Blk 467),1.373362,103.8968019
2017-02-03,Hougang Avenue 10 (Blk 403),1.374663,103.896376
2017-02-03,Hougang Avenue 10 (Blk 408),1.3733172,103.895332
2017-02-03,Tampines Avenue 5 (Blk 146),1.348188,103.942383
2017-02-03,Tampines Street 12 (Blk 140),1.3475034,103.943485
2017-02-03,Tampines Street 12 (Blk 141),1.348385,103.94473
2017-02-03,Ang Mo Kio Avenue 6 (Blk 634),1.3815298,103.8432138
2017-02-03,Ang Mo Kio Avenue 6 (Blk 639),1.379877,103.842309
2017-02-03,Ang Mo Kio Street 52 (Blk 588A),1.3721095,103.8526723
2017-02-03,Ang Mo Kio Street 52 (Blk 588B),1.3720001,103.8529979
2017-02-03,Bukit Batok East Avenue 3 (Blk 222),1.3478138,103.7539445
2017-02-03,Bukit Batok East Avenue 5 (Blk 233),1.3487369,103.755312
2017-02-03,Shaw Road,1.336857,103.8846736
2017-02-03,Toa Payoh North (Blk 205),1.3420217,103.8482738
2017-02-03,Toa Payoh North (Blk 207),1.342398,103.845517
2017-02-03,Tuas South Avenue 9,1.2867972,103.6367215
2017-02-03,Woodlands Avenue 6 (Blk 677),1.439313,103.801863
2017-02-03,Woodlands Avenue 6 (Blk 680),1.439459,103.8021909
2017-02-04,Tampines Street 11 (Blk 101),1.347401,103.945289
2017-02-04,Tampines Street 11 (Blk 102),1.346834,103.945761
2017-02-04,Tampines Street 11 (Blk 103),1.3476305,103.9461075
2017-02-04,Tampines Street 11 (Blk 104),1.347294,103.946427
2017-02-04,Tampines Street 11 (Blk 113),1.3465011,103.9462854
2017-02-04,Tampines Street 11 (Blk 138),1.3454105,103.9454468
2017-02-04,Tampines Street 11 (Tampines Court),1.3444958,103.948072
2017-02-04,Tampines Avenue 4,1.3516881,103.9413248
2017-02-04,Tampines Street 82 (Blk 842D),1.350657,103.937465
2017-02-04,Tampines Street 82 (Blk 842E),1.3517539,103.938303
2017-02-04,Tampines Street 82 (Blk 856F),1.352973,103.938309
2017-02-04,Hougang Avenue 8 (Blk 467),1.373362,103.8968019
2017-02-04,Hougang Avenue 10 (Blk 403),1.374663,103.896376
2017-02-04,Hougang Avenue 10 (Blk 408),1.3733172,103.895332
2017-02-04,Beach Road,1.299809,103.8596409
2017-02-04,Bukit Batok East Avenue 3 (Blk 222),1.3478138,103.7539445
2017-02-04,Bukit Batok East Avenue 5 (Blk 233),1.3487369,103.755312
2017-02-04,Old Choa Chu Kang Road,1.3717863,103.7053211
2017-02-04,Toa Payoh North (Blk 205),1.3420217,103.8482738
2017-02-04,Toa Payoh North (Blk 207),1.342398,103.845517
2017-02-04,Woodlands Avenue 6 (Blk 677),1.439313,103.801863
2017-02-04,Woodlands Avenue 6 (Blk 680),1.439459,103.8021909
2017-02-05,Tampines Street 11 (Blk 101),1.347401,103.945289
2017-02-05,Tampines Street 11 (Blk 102),1.346834,103.945761
2017-02-05,Tampines Street 11 (Blk 103),1.3476305,103.9461075
2017-02-05,Tampines Street 11 (Blk 104),1.347294,103.946427
2017-02-05,Tampines Street 11 (Blk 113),1.3465011,103.9462854
2017-02-05,Tampines Street 11 (Blk 138),1.3454105,103.9454468
2017-02-05,Tampines Street 11 (Tampines Court),1.3444958,103.948072
2017-02-05,Tampines Avenue 4,1.3516881,103.9413248
2017-02-05,Tampines Street 82 (Blk 842D),1.350657,103.937465
2017-02-05,Tampines Street 82 (Blk 842E),1.3517539,103.938303
2017-02-05,Tampines Street 82 (Blk 856F),1.352973,103.938309
2017-02-05,Hougang Avenue 8 (Blk 467),1.373362,103.8968019
2017-02-05,Hougang Avenue 10 (Blk 403),1.374663,103.896376
2017-02-05,Hougang Avenue 10 (Blk 408),1.3733172,103.895332
2017-02-05,Beach Road,1.299809,103.8596409
2017-02-05,Bukit Batok East Avenue 3 (Blk 222),1.3478138,103.7539445
2017-02-05,Bukit Batok East Avenue 5 (Blk 233),1.3487369,103.755312
2017-02-05,Old Choa Chu Kang Road,1.3717863,103.7053211
2017-02-05,Toa Payoh North (Blk 205),1.3420217,103.8482738
2017-02-05,Toa Payoh North (Blk 207),1.342398,103.845517
2017-02-05,Woodlands Avenue 6 (Blk 677),1.439313,103.801863
2017-02-05,Woodlands Avenue 6 (Blk 680),1.439459,103.8021909
2017-02-06,Tampines Street 11 (Blk 101),1.347401,103.945289
2017-02-06,Tampines Street 11 (Blk 102),1.346834,103.945761
2017-02-06,Tampines Street 11 (Blk 103),1.3476305,103.9461075
2017-02-06,Tampines Street 11 (Blk 104),1.347294,103.946427
2017-02-06,Tampines Street 11 (Blk 113),1.3465011,103.9462854
2017-02-06,Tampines Street 11 (Blk 138),1.3454105,103.9454468
2017-02-06,Tampines Street 11 (Tampines Court),1.3444958,103.948072
2017-02-06,Tampines Avenue 4,1.3516881,103.9413248
2017-02-06,Tampines Street 82 (Blk 842D),1.350657,103.937465
2017-02-06,Tampines Street 82 (Blk 842E),1.3517539,103.938303
2017-02-06,Tampines Street 82 (Blk 856F),1.352973,103.938309
2017-02-06,Hougang Avenue 8 (Blk 467),1.373362,103.8968019
2017-02-06,Hougang Avenue 10 (Blk 403),1.374663,103.896376
2017-02-06,Hougang Avenue 10 (Blk 408),1.3733172,103.895332
2017-02-06,Beach Road,1.299809,103.8596409
2017-02-06,Bukit Batok East Avenue 3 (Blk 222),1.3478138,103.7539445
2017-02-06,Bukit Batok East Avenue 5 (Blk 233),1.3487369,103.755312
2017-02-06,Old Choa Chu Kang Road,1.3717863,103.7053211
2017-02-06,Toa Payoh North (Blk 205),1.3420217,103.8482738
2017-02-06,Toa Payoh North (Blk 207),1.342398,103.845517
2017-02-06,Woodlands Avenue 6 (Blk 677),1.439313,103.801863
2017-02-06,Woodlands Avenue 6 (Blk 680),1.439459,103.8021909
2017-02-07,Tampines Street 11 (Blk 101),1.347401,103.945289
2017-02-07,Tampines Street 11 (Blk 102),1.346834,103.945761
2017-02-07,Tampines Street 11 (Blk 103),1.3476305,103.9461075
2017-02-07,Tampines Street 11 (Blk 104),1.347294,103.946427
2017-02-07,Tampines Street 11 (Blk 113),1.3465011,103.9462854
2017-02-07,Tampines Street 11 (Blk 138),1.3454105,103.9454468
2017-02-07,Tampines Street 11 (Tampines Court),1.3444958,103.948072
2017-02-07,Tampines Avenue 4,1.3516881,103.9413248
2017-02-07,Tampines Street 82 (Blk 842B),1.351145,103.936991
2017-02-07,Tampines Street 82 (Blk 842D),1.350657,103.937465
2017-02-07,Tampines Street 82 (Blk 842E),1.3517539,103.938303
2017-02-07,Tampines Street 82 (Blk 856F),1.352973,103.938309
2017-02-07,Hougang Avenue 8 (Blk 467),1.373362,103.8968019
2017-02-07,Hougang Avenue 10 (Blk 403),1.374663,103.896376
2017-02-07,Hougang Avenue 10 (Blk 408),1.3733172,103.895332
2017-02-07,Beach Road,1.299809,103.8596409
2017-02-07,Bukit Batok East Avenue 3 (Blk 222),1.3478138,103.7539445
2017-02-07,Bukit Batok East Avenue 5 (Blk 233),1.3487369,103.755312
2017-02-07,Old Choa Chu Kang Road,1.3717863,103.7053211
2017-02-07,Toa Payoh North (Blk 205),1.3420217,103.8482738
2017-02-07,Toa Payoh North (Blk 207),1.342398,103.845517
2017-02-07,Woodlands Industrial Park E1,1.4541921,103.7975037
2017-02-08,Tampines Street    11 (Blk 101),1.347401,103.945289
2017-02-08,Tampines Street    11 (Blk 102),1.346834,103.945761
2017-02-08,Tampines Street    11 (Blk 103),1.3476305,103.9461075
2017-02-08,Tampines Street    11 (Blk 104),1.347294,103.946427
2017-02-08,Tampines Street    11 (Blk 113),1.3465011,103.9462854
2017-02-08,Tampines Street    11 (Blk 138),1.3454105,103.9454468
2017-02-08,Tampines Street    11 (Blk 139),1.3463797,103.9445192
2017-02-08,Tampines Street    11 (Tampines Court),1.3444958,103.948072
2017-02-08,Tampines Avenue 4,1.3516881,103.9413248
2017-02-08,Tampines Street    82 (Blk 842B),1.351145,103.936991
2017-02-08,Tampines Street    82 (Blk 842D),1.350657,103.937465
2017-02-08,Tampines Street    82 (Blk 842E),1.3517539,103.938303
2017-02-08,Tampines Street    82 (Blk 856F),1.352973,103.938309
2017-02-08,Beach Road,1.299809,103.8596409
2017-02-08,Bukit Batok East Avenue 3 (Blk 222),1.3478138,103.7539445
2017-02-08,Bukit Batok East Avenue 5 (Blk 233),1.3487369,103.755312
2017-02-08,Bukit Batok Street 21 (Blk 218),1.3471644,103.754355
2017-02-08,Gilstead Road (Gilstead 38),1.318161,103.839139
2017-02-08,Gilstead Court),1.3183329,103.8396729
2017-02-08,Jurong West Street 81 (Blk 817),1.3450189,103.6954006
2017-02-08,Jurong West Street 81 (Blk 831),1.3449032,103.694627
2017-02-08,Old Choa Chu Kang Road,1.3717863,103.7053211
2017-02-08,Tampines Street    41 (Blk 421),1.35754,103.947546
2017-02-08,Tampines Street    41 (Blk 424),1.357438,103.948133
2017-02-08,Toa Payoh North (Blk 205),1.3420217,103.8482738
2017-02-08,Toa Payoh North (Blk 207),1.342398,103.845517
2017-02-09,Tampines Street    11 (Blk 101),1.347401,103.945289
2017-02-09,Tampines Street    11 (Blk 102),1.346834,103.945761
2017-02-09,Tampines Street    11 (Blk 103),1.3476305,103.9461075
2017-02-09,Tampines Street    11 (Blk 104),1.347294,103.946427
2017-02-09,Tampines Street    11 (Blk 113),1.3465011,103.9462854
2017-02-09,Tampines Street    11 (Blk 138),1.3454105,103.9454468
2017-02-09,Tampines Street    11 (Blk 139),1.3463797,103.9445192
2017-02-09,Tampines Street    11 (Tampines Court),1.3444958,103.948072
2017-02-09,Tampines Avenue 4,1.3516881,103.9413248
2017-02-09,Tampines Street    82 (Blk 842B),1.351145,103.936991
2017-02-09,Tampines Street    82 (Blk 842D),1.350657,103.937465
2017-02-09,Tampines Street    82 (Blk 842E),1.3517539,103.938303
2017-02-09,Tampines Street    82 (Blk 856F),1.352973,103.938309
2017-02-09,Beach Road,1.299809,103.8596409
2017-02-09,Bukit Batok East Avenue 3 (Blk 222),1.3478138,103.7539445
2017-02-09,Bukit Batok East Avenue 5 (Blk 233),1.3487369,103.755312
2017-02-09,Bukit Batok Street 21 (Blk 218),1.3471644,103.754355
2017-02-09,Gilstead Road (Gilstead 38),1.318161,103.839139
2017-02-09,Gilstead Road (Gilstead Court),1.317167,103.8388651
2017-02-09,Jurong West Street 81 (Blk 817),1.3450189,103.6954006
2017-02-09,Jurong West Street 81 (Blk 831),1.3449032,103.694627
2017-02-09,Old Choa Chu Kang Road,1.3717863,103.7053211
2017-02-09,Tampines Street    23 (Blk 212),1.3544733,103.9539937
2017-02-09,Tampines Street    23 (Blk 225),1.3550861,103.9539004
2017-02-09,Tampines Street    41 (Blk 421),1.35754,103.947546
2017-02-09,Tampines Street    41 (Blk 424),1.357438,103.948133
2017-02-10,Tampines Street    11 (Blk 101),1.347401,103.945289
2017-02-10,Tampines Street    11 (Blk 102),1.346834,103.945761
2017-02-10,Tampines Street    11 (Blk 103),1.3476305,103.9461075
2017-02-10,Tampines Street    11 (Blk 104),1.347294,103.946427
2017-02-10,Tampines Street    11 (Blk 113),1.3465011,103.9462854
2017-02-10,Tampines Street    11 (Blk 138),1.3454105,103.9454468
2017-02-10,Tampines Street    11 (Blk 139),1.3463797,103.9445192
2017-02-10,Tampines Street    11 (Tampines Court),1.3444958,103.948072
2017-02-10,Tampines Avenue 4,1.3516881,103.9413248
2017-02-10,Tampines Street    82 (Blk 842B),1.351145,103.936991
2017-02-10,Tampines Street    82 (Blk 842D),1.350657,103.937465
2017-02-10,Tampines Street    82 (Blk 842E),1.3517539,103.938303
2017-02-10,Tampines Street    82 (Blk 856F),1.352973,103.938309
2017-02-10,Beach Road,1.299809,103.8596409
2017-02-10,Bukit Batok East Avenue 3 (Blk 222),1.3478138,103.7539445
2017-02-10,Bukit Batok East Avenue 5 (Blk 233),1.3487369,103.755312
2017-02-10,Bukit Batok Street 21 (Blk 218),1.3471644,103.754355
2017-02-10,Gilstead Road (Gilstead 38),1.318161,103.839139
2017-02-10,Gilstead Road (Gilstead Court),1.317167,103.8388651
2017-02-10,Jurong West Street 81 (Blk 817),1.3450189,103.6954006
2017-02-10,Jurong West Street 81 (Blk 831),1.3449032,103.694627
2017-02-10,Old Choa Chu Kang Road,1.3717863,103.7053211
2017-02-10,Tampines Street    23 (Blk 212),1.3544733,103.9539937
2017-02-10,Tampines Street    23 (Blk 225),1.3550861,103.9539004
2017-02-10,Tampines Street    41 (Blk 421),1.35754,103.947546
2017-02-10,Tampines Street    41 (Blk 424),1.357438,103.948133
2017-02-10,Tampines Street    45 (Blk 498H),1.362981,103.957455
2017-02-10,Tampines Street    45 (Blk 498J),1.363309,103.956916
2017-02-11,ampines Street    11 (Blk 101),1.347401,103.945289
2017-02-11,Tampines Street    11 (Blk 102),1.346834,103.945761
2017-02-11,Tampines Street    11 (Blk 103),1.3476305,103.9461075
2017-02-11,Tampines Street    11 (Blk 104),1.347294,103.946427
2017-02-11,Tampines Street    11 (Blk 113),1.3465011,103.9462854
2017-02-11,Tampines Street    11 (Blk 138),1.3454105,103.9454468
2017-02-11,Tampines Street    11 (Blk 139),1.3463797,103.9445192
2017-02-11,Tampines Street    11 (Tampines Court),1.3444958,103.948072
2017-02-11,Beach Road,1.299809,103.8596409
2017-02-11,Tampines Avenue 4,1.3516881,103.9413248
2017-02-11,Tampines Street    82 (Blk 842B),1.351145,103.936991
2017-02-11,Tampines Street    82 (Blk 842D),1.350657,103.937465
2017-02-11,Tampines Street    82 (Blk 842E),1.3517539,103.938303
2017-02-11,Tampines Street    82 (Blk 856F),1.352973,103.938309
2017-02-11,Bukit Batok East Avenue 3 (Blk 222),1.3478138,103.7539445
2017-02-11,Bukit Batok East Avenue 5 (Blk 233),1.3487369,103.755312
2017-02-11,Bukit Batok Street 21 (Blk 218),1.3471644,103.754355
2017-02-11,Sungei Kadut Street 1,1.4180128,103.7510568
2017-02-11,Gilstead Road (Gilstead 38),1.318161,103.839139
2017-02-11,Gilstead Road (Gilstead Court),1.317167,103.8388651
2017-02-11,Jurong West Street 81 (Blk 817),1.3450189,103.6954006
2017-02-11,Jurong West Street 81 (Blk 831),1.3449032,103.694627
2017-02-11,Old Choa Chu Kang Road,1.3717863,103.7053211
2017-02-11,Redhill Lane (Blk 82),1.2874073,103.8195071
2017-02-11,Redhill Lane (Blk 85),1.2873313,103.8183546
2017-02-11,Tampines Street    23 (Blk 212),1.3544733,103.9539937
2017-02-11,Tampines Street    23 (Blk 225),1.3550861,103.9539004
2017-02-11,Tampines Street 41    (Blk 421),1.35754,103.947546
2017-02-11,Tampines Street    41 (Blk 424),1.357438,103.948133
2017-02-11,Tampines Street    45 (Blk 498H),1.362981,103.957455
2017-02-11,Tampines Street    45 (Blk 498J),1.363309,103.956916
2017-02-12,Tampines Street    11 (Blk 101),1.347401,103.945289
2017-02-12,Tampines Street    11 (Blk 102),1.346834,103.945761
2017-02-12,Tampines Street    11 (Blk 103),1.3476305,103.9461075
2017-02-12,Tampines Street    11 (Blk 104),1.347294,103.946427
2017-02-12,Tampines Street    11 (Blk 113),1.3465011,103.9462854
2017-02-12,Tampines Street    11 (Blk 138),1.3454105,103.9454468
2017-02-12,Tampines Street    11 (Blk 139),1.3463797,103.9445192
2017-02-12,Tampines Street    11 (Tampines Court),1.3444958,103.948072
2017-02-12,Beach Road,1.299809,103.8596409
2017-02-12,Tampines Avenue 4,1.3516881,103.9413248
2017-02-12,Tampines Street    82 (Blk 842B),1.351145,103.936991
2017-02-12,Tampines Street    82 (Blk 842D),1.350657,103.937465
2017-02-12,Tampines Street    82 (Blk 842E),1.3517539,103.938303
2017-02-12,Tampines Street    82 (Blk 856F),1.352973,103.938309
2017-02-12,Bukit Batok East Avenue 3 (Blk 222),1.3478138,103.7539445
2017-02-12,Bukit Batok East Avenue 5 (Blk 233),1.3487369,103.755312
2017-02-12,Bukit Batok Street 21 (Blk 218),1.3471644,103.754355
2017-02-12,Sungei Kadut Street 1,1.4180128,103.7510568
2017-02-12,Gilstead Road (Gilstead 38),1.318161,103.839139
2017-02-12,Gilstead Road (Gilstead Court),1.317167,103.8388651
2017-02-12,Jurong West Street 81 (Blk 817),1.3450189,103.6954006
2017-02-12,Jurong West Street 81 (Blk 831),1.3449032,103.694627
2017-02-12,Old Choa Chu Kang Road,1.3717863,103.7053211
2017-02-12,Redhill Lane (Blk 82),1.2874073,103.8195071
2017-02-12,Redhill Lane (Blk 85),1.2873313,103.8183546
2017-02-12,Tampines Street    23 (Blk 212),1.3544733,103.9539937
2017-02-12,Tampines Street    23 (Blk 225),1.3550861,103.9539004
2017-02-12,Tampines Street 41    (Blk 421),1.35754,103.947546
2017-02-12,Tampines Street    41 (Blk 424),1.357438,103.948133
2017-02-12,Tampines Street    45 (Blk 498H),1.362981,103.957455
2017-02-12,Tampines Street    45 (Blk 498J),1.363309,103.956916
2017-02-13,Tampines Street    11 (Blk 101),1.347401,103.945289
2017-02-13,Tampines Street    11 (Blk 102),1.346834,103.945761
2017-02-13,Tampines Street    11 (Blk 103),1.3476305,103.9461075
2017-02-13,Tampines Street    11 (Blk 104),1.347294,103.946427
2017-02-13,Tampines Street    11 (Blk 113),1.3465011,103.9462854
2017-02-13,Tampines Street    11 (Blk 138),1.3454105,103.9454468
2017-02-13,Tampines Street    11 (Blk 139),1.3463797,103.9445192
2017-02-13,Tampines Street    11 (Tampines Court),1.3444958,103.948072
2017-02-13,Beach Road,1.299809,103.8596409
2017-02-13,Tampines Avenue 4,1.3516881,103.9413248
2017-02-13,Tampines Street    82 (Blk 842B),1.351145,103.936991
2017-02-13,Tampines Street    82 (Blk 842D),1.350657,103.937465
2017-02-13,Tampines Street    82 (Blk 842E),1.3517539,103.938303
2017-02-13,Tampines Street    82 (Blk 856F),1.352973,103.938309
2017-02-13,Bukit Batok East Avenue 3 (Blk 222),1.3478138,103.7539445
2017-02-13,Bukit Batok East Avenue 5 (Blk 233),1.3487369,103.755312
2017-02-13,Bukit Batok Street 21 (Blk 218),1.3471644,103.754355
2017-02-13,Sungei Kadut Street 1,1.4180128,103.7510568
2017-02-13,Gilstead Road (Gilstead 38),1.318161,103.839139
2017-02-13,Gilstead Road (Gilstead Court),1.317167,103.8388651
2017-02-13,Jurong West Street 81 (Blk 817),1.3450189,103.6954006
2017-02-13,Jurong West Street 81 (Blk 831),1.3449032,103.694627
2017-02-13,Old Choa Chu Kang Road,1.3717863,103.7053211
2017-02-13,Redhill Lane (Blk 82),1.2874073,103.8195071
2017-02-13,Redhill Lane (Blk 85),1.2873313,103.8183546
2017-02-13,Tampines Street    23 (Blk 212),1.3544733,103.9539937
2017-02-13,Tampines Street    23 (Blk 225),1.3550861,103.9539004
2017-02-13,Tampines Street 41    (Blk 421),1.35754,103.947546
2017-02-13,Tampines Street    41 (Blk 424),1.357438,103.948133
2017-02-13,Tampines Street    45 (Blk 498H),1.362981,103.957455
2017-02-13,Tampines Street    45 (Blk 498J),1.363309,103.956916
2017-02-14,Tampines Street    11 (Blk 101),1.347401,103.945289
2017-02-14,Tampines Street    11 (Blk 102),1.346834,103.945761
2017-02-14,Tampines Street    11 (Blk 103),1.3476305,103.9461075
2017-02-14,Tampines Street    11 (Blk 104),1.347294,103.946427
2017-02-14,Tampines Street    11 (Blk 113),1.3465011,103.9462854
2017-02-14,Tampines Street    11 (Blk 138),1.3454105,103.9454468
2017-02-14,Tampines Street    11 (Blk 139),1.3463797,103.9445192
2017-02-14,Tampines Street    11 (Tampines Court),1.3444958,103.948072
2017-02-14,Beach Road,1.299809,103.8596409
2017-02-14,Bukit Batok East Avenue 3 (Blk 222),1.3478138,103.7539445
2017-02-14,Bukit Batok East Avenue 5 (Blk 233),1.3487369,103.755312
2017-02-14,Bukit Batok Street 21 (Blk 218),1.3471644,103.754355
2017-02-14,Sungei Kadut Street 1,1.4180128,103.7510568
2017-02-14,Bedok Reservoir Road (Blk 121),1.33125,103.909938
2017-02-14,Bedok Reservoir Road (Blk 133),1.332419,103.911764
2017-02-14,Dakota Crescent (Blk 60),1.3075921,103.888768
2017-02-14,Old Airport Road    (Blk 99),1.308567,103.887961
2017-02-14,Gilstead Road (Gilstead 38),1.318161,103.839139
2017-02-14,Gilstead Road (Gilstead Court),1.317167,103.8388651
2017-02-14,Jurong West Street 81 (Blk 817),1.3450189,103.6954006
2017-02-14,Jurong West Street 81 (Blk 831),1.3449032,103.694627
2017-02-14,Old Choa Chu Kang Road,1.3717863,103.7053211
2017-02-14,Redhill Lane (Blk 82),1.2874073,103.8195071
2017-02-14,Redhill Lane (Blk 85),1.2873313,103.8183546
2017-02-14,Tampines Street    23 (Blk 212),1.3544733,103.9539937
2017-02-14,Tampines Street    23 (Blk 225),1.3550861,103.9539004
2017-02-14,Tampines Street    41 (Blk 421),1.35754,103.947546
2017-02-14,Tampines Street    41 (Blk 424),1.357438,103.948133
2017-02-14,Tampines Street    45 (Blk 498H),1.362981,103.957455
2017-02-14,Tampines Street    45 (Blk 498J),1.363309,103.956916
2017-02-15,Tampines Street    11 (Blk 101),1.347401,103.945289
2017-02-15,Tampines Street    11 (Blk 102),1.346834,103.945761
2017-02-15,Tampines Street    11 (Blk 103),1.3476305,103.9461075
2017-02-15,Tampines Street    11 (Blk 104),1.347294,103.946427
2017-02-15,Tampines Street    11 (Blk 107),1.3483565,103.9481571
2017-02-15,Tampines Street    11 (Blk 113),1.3465011,103.9462854
2017-02-15,Tampines Street    11 (Blk 138),1.3454105,103.9454468
2017-02-15,Tampines Street    11 (Blk 139),1.3463797,103.9445192
2017-02-15,Tampines Street    11 (Tampines Court),1.3444958,103.948072
2017-02-15,Beach Road,1.299809,103.8596409
2017-02-15,Sungei Kadut Street 1,1.4180128,103.7510568
2017-02-15,Bedok Reservoir Road (Blk 121),1.33125,103.909938
2017-02-15,Bedok Reservoir Road (Blk 133),1.332419,103.911764
2017-02-15,Choa Chu Kang Street    62 (Blk 607),1.399025,103.744255
2017-02-15,Choa Chu Kang Street    62 (Blk 615),1.400859,103.744837
2017-02-15,Dakota Crescent (Blk 60),1.3075921,103.888768
2017-02-15,Old Airport Road    (Blk 99),1.308567,103.887961
2017-02-15,Jurong West Street 81 (Blk 817),1.3450189,103.6954006
2017-02-15,Jurong West Street 81 (Blk 831),1.3449032,103.694627
2017-02-15,Redhill Lane (Blk 82),1.2874073,103.8195071
2017-02-15,Redhill Lane (Blk 85),1.2873313,103.8183546
2017-02-15,Tampines Street    23 (Blk 212),1.3544733,103.9539937
2017-02-15,Tampines Street    23 (Blk 225),1.3550861,103.9539004
2017-02-15,Tampines Street    41 (Blk 421),1.35754,103.947546
2017-02-15,Tampines Street    41 (Blk 424),1.357438,103.948133
2017-02-15,Tampines Street    45 (Blk 498H),1.362981,103.957455
2017-02-15,Tampines Street    45 (Blk 498J),1.363309,103.956916
2017-02-16,Tampines Street    11 (Blk 101),1.347401,103.945289
2017-02-16,Tampines Street    11 (Blk 102),1.346834,103.945761
2017-02-16,Tampines Street    11 (Blk 103),1.3476305,103.9461075
2017-02-16,Tampines Street    11 (Blk 104),1.347294,103.946427
2017-02-16,Tampines Street    11 (Blk 107),1.3483565,103.9481571
2017-02-16,Tampines Street    11 (Blk 113),1.3465011,103.9462854
2017-02-16,Tampines Street    11 (Blk 138),1.3454105,103.9454468
2017-02-16,Tampines Street    11 (Blk 139),1.3463797,103.9445192
2017-02-16,Tampines Street    11 (Tampines Court),1.3444958,103.948072
2017-02-16,Beach Road,1.299809,103.8596409
2017-02-16,Sungei Kadut Street 1,1.4180128,103.7510568
2017-02-16,Tampines Street    41 (Blk 421),1.35754,103.947546
2017-02-16,Tampines Street    41 (Blk 423),1.357129,103.947519
2017-02-16,Tampines Street    41 (Blk 424),1.357438,103.948133
2017-02-16,Bedok Reservoir Road (Blk 121),1.33125,103.909938
2017-02-16,Bedok Reservoir Road (Blk 133),1.332419,103.911764
2017-02-16,Choa Chu Kang Street    62 (Blk 607),1.399025,103.744255
2017-02-16,Choa Chu Kang Street    62 (Blk 615),1.400859,103.744837
2017-02-16,Dakota Crescent (Blk 60),1.3075921,103.888768
2017-02-16,Old Airport Road    (Blk 99),1.308567,103.887961
2017-02-16,Jurong West Street 81 (Blk 817),1.3450189,103.6954006
2017-02-16,Jurong West Street 81 (Blk 831),1.3449032,103.694627
2017-02-16,Redhill Lane (Blk 82),1.2874073,103.8195071
2017-02-16,Redhill Lane (Blk 85),1.2873313,103.8183546
2017-02-16,Tampines Street    23 (Blk 212),1.3544733,103.9539937
2017-02-16,Tampines Street    23 (Blk 225),1.3550861,103.9539004
2017-02-16,Tampines Street 45    (Blk 498H),1.362981,103.957455
2017-02-16,Tampines Street    45 (Blk 498J),1.363309,103.956916
2017-02-17,Tampines Street 11 (Blk    101),1.347401,103.945289
2017-02-17,Tampines Street 11 (Blk    102),1.346834,103.945761
2017-02-17,Tampines Street 11 (Blk    103),1.3476305,103.9461075
2017-02-17,Tampines Street 11 (Blk    104),1.347294,103.946427
2017-02-17,Tampines Street 11 (Blk    107),1.3483565,103.9481571
2017-02-17,Tampines Street 11 (Blk    113),1.3465011,103.9462854
2017-02-17,Tampines Street 11 (Blk    138),1.3454105,103.9454468
2017-02-17,Tampines Street 11 (Blk    139),1.3463797,103.9445192
2017-02-17,Tampines Street 11 (Tampines Court),1.3444958,103.948072
2017-02-17,Beach Road,1.299809,103.8596409
2017-02-17,Sungei Kadut Street 1,1.4180128,103.7510568
2017-02-17,Tampines Street 41 (Blk    421),1.35754,103.947546
2017-02-17,Tampines Street 41 (Blk    423),1.357129,103.947519
2017-02-17,Tampines Street 41 (Blk    424),1.357438,103.948133
2017-02-17,Bedok Reservoir Road (Blk 121),1.33125,103.909938
2017-02-17,Bedok Reservoir Road (Blk 133),1.332419,103.911764
2017-02-17,Choa Chu Kang Street 62 (Blk    607),1.399025,103.744255
2017-02-17,Choa Chu Kang Street 62 (Blk    615),1.400859,103.744837
2017-02-17,Dakota Crescent (Blk 60),1.3075921,103.888768
2017-02-17,Old Airport Road (Blk 99),1.308567,103.887961
2017-02-17,Jalan Manis,1.3257381,103.8633699
2017-02-17,Jalan Taman,1.3260412,103.864795
2017-02-17,Redhill Lane (Blk 82),1.2874073,103.8195071
2017-02-17,Redhill Lane (Blk 85),1.2873313,103.8183546
2017-02-17,Tampines Street 23 (Blk    212),1.3544733,103.9539937
2017-02-17,Tampines Street 23 (Blk    225),1.3550861,103.9539004
2017-02-17,Tampines Street 45 (Blk    498H),1.362981,103.957455
2017-02-17,Tampines Street 45 (Blk    498J),1.363309,103.956916
2017-02-17,Yishun Ring Road (Blk 110),1.4335431,103.8291301
2017-02-17,Yishun Ring Road (Blk 112),1.434258,103.828858
2017-02-18,Tampines Street 11 (Blk    101),1.347401,103.945289
2017-02-18,Tampines Street 11 (Blk    102),1.346834,103.945761
2017-02-18,Tampines Street 11 (Blk    103),1.3476305,103.9461075
2017-02-18,Tampines Street 11 (Blk    104),1.347294,103.946427
2017-02-18,Tampines Street 11 (Blk    107),1.3483565,103.9481571
2017-02-18,Tampines Street 11 (Blk    113),1.3465011,103.9462854
2017-02-18,Tampines Street 11 (Blk    138),1.3454105,103.9454468
2017-02-18,Tampines Street 11 (Blk    139),1.3463797,103.9445192
2017-02-18,Tampines Street 11 (Tampines Court),1.3444958,103.948072
2017-02-18,Beach Road,1.299809,103.8596409
2017-02-18,Tampines Street 41 (Blk    421),1.35754,103.947546
2017-02-18,Tampines Street 41 (Blk    423),1.357129,103.947519
2017-02-18,Tampines Street 41 (Blk    424),1.357438,103.948133
2017-02-18,Bedok Reservoir Road (Blk 121),1.33125,103.909938
2017-02-18,Bedok Reservoir Road (Blk 133),1.332419,103.911764
2017-02-18,Choa Chu Kang Street 62 (Blk    607),1.399025,103.744255
2017-02-18,Choa Chu Kang Street 62 (Blk    615),1.400859,103.744837
2017-02-18,Dakota Crescent (Blk 60),1.3075921,103.888768
2017-02-18,Old Airport Road (Blk 99),1.308567,103.887961
2017-02-18,Jalan Taman,1.3260412,103.864795
2017-02-18,Saint Michael's Road (Sunville),1.3263869,103.8635173
2017-02-18,Yishun Ring Road (Blk 110),1.4335431,103.8291301
2017-02-18,Yishun Ring Road (Blk 112),1.434258,103.828858
2017-02-19,Tampines Street 11 (Blk    101),1.347401,103.945289
2017-02-19,Tampines Street 11 (Blk    102),1.346834,103.945761
2017-02-19,Tampines Street 11 (Blk    103),1.3476305,103.9461075
2017-02-19,Tampines Street 11 (Blk    104),1.347294,103.946427
2017-02-19,Tampines Street 11 (Blk    107),1.3483565,103.9481571
2017-02-19,Tampines Street 11 (Blk    113),1.3465011,103.9462854
2017-02-19,Tampines Street 11 (Blk    138),1.3454105,103.9454468
2017-02-19,Tampines Street 11 (Blk    139),1.3463797,103.9445192
2017-02-19,Tampines Street 11 (Tampines Court),1.3444958,103.948072
2017-02-19,Beach Road,1.299809,103.8596409
2017-02-19,Tampines Street 41 (Blk    421),1.35754,103.947546
2017-02-19,Tampines Street 41 (Blk    423),1.357129,103.947519
2017-02-19,Tampines Street 41 (Blk    424),1.357438,103.948133
2017-02-19,Bedok Reservoir Road (Blk 121),1.33125,103.909938
2017-02-19,Bedok Reservoir Road (Blk 133),1.332419,103.911764
2017-02-19,Choa Chu Kang Street 62 (Blk    607),1.399025,103.744255
2017-02-19,Choa Chu Kang Street 62 (Blk    615),1.400859,103.744837
2017-02-19,Dakota Crescent (Blk 60),1.3075921,103.888768
2017-02-19,Old Airport Road (Blk 99),1.308567,103.887961
2017-02-19,Jalan Taman,1.3260412,103.864795
2017-02-19,Saint Michael's Road (Sunville),1.3263869,103.8635173
2017-02-19,Yishun Ring Road (Blk 110),1.4335431,103.8291301
2017-02-19,Yishun Ring Road (Blk 112),1.434258,103.828858
2017-02-20,Tampines Street 11 (Blk    101),1.347401,103.945289
2017-02-20,Tampines Street 11 (Blk    102),1.346834,103.945761
2017-02-20,Tampines Street 11 (Blk    103),1.3476305,103.9461075
2017-02-20,Tampines Street 11 (Blk    104),1.347294,103.946427
2017-02-20,Tampines Street 11 (Blk    107),1.3483565,103.9481571
2017-02-20,Tampines Street 11 (Blk    113),1.3465011,103.9462854
2017-02-20,Tampines Street 11 (Blk    138),1.3454105,103.9454468
2017-02-20,Tampines Street 11 (Blk    139),1.3463797,103.9445192
2017-02-20,Tampines Street 11 (Tampines Court),1.3444958,103.948072
2017-02-20,Beach Road,1.299809,103.8596409
2017-02-20,Tampines Street 41 (Blk    421),1.35754,103.947546
2017-02-20,Tampines Street 41 (Blk    423),1.357129,103.947519
2017-02-20,Tampines Street 41 (Blk    424),1.357438,103.948133
2017-02-20,Bedok Reservoir Road (Blk 121),1.33125,103.909938
2017-02-20,Bedok Reservoir Road (Blk 133),1.332419,103.911764
2017-02-20,Choa Chu Kang Street 62 (Blk    607),1.399025,103.744255
2017-02-20,Choa Chu Kang Street 62 (Blk    615),1.400859,103.744837
2017-02-20,Dakota Crescent (Blk 60),1.3075921,103.888768
2017-02-20,Old Airport Road (Blk 99),1.308567,103.887961
2017-02-20,Jalan Taman,1.3260412,103.864795
2017-02-20,Saint Michael's Road (Sunville),1.3263869,103.8635173
2017-02-20,Yishun Ring Road (Blk 110),1.4335431,103.8291301
2017-02-20,Yishun Ring Road (Blk 112),1.434258,103.828858
2017-02-21,Tampines Street 11 (Blk    101),1.347401,103.945289
2017-02-21,Tampines Street 11 (Blk    102),1.346834,103.945761
2017-02-21,Tampines Street 11 (Blk    103),1.3476305,103.9461075
2017-02-21,Tampines Street 11 (Blk    104),1.347294,103.946427
2017-02-21,Tampines Street 11 (Blk    107),1.3483565,103.9481571
2017-02-21,Tampines Street 11 (Blk    113),1.3465011,103.9462854
2017-02-21,Tampines Street 11 (Blk    138),1.3454105,103.9454468
2017-02-21,Tampines Street 11 (Blk    139),1.3463797,103.9445192
2017-02-21,Tampines Street 11 (Tampines Court),1.3444958,103.948072
2017-02-21,Jalan Kemaman,1.3269384,103.8508003
2017-02-21,Jalan Kemaman (Kemaman Point),1.3265405,103.8508373
2017-02-21,Tampines Street 41 (Blk    421),1.35754,103.947546
2017-02-21,Tampines Street 41 (Blk    423),1.357129,103.947519
2017-02-21,Tampines Street 41 (Blk    424),1.357438,103.948133
2017-02-21,Bedok Reservoir Road (Blk 121),1.33125,103.909938
2017-02-21,Bedok Reservoir Road (Blk 133),1.332419,103.911764
2017-02-21,Choa Chu Kang Street 62 (Blk    607),1.399025,103.744255
2017-02-21,Choa Chu Kang Street 62 (Blk    615),1.400859,103.744837
2017-02-21,Dakota Crescent (Blk 60),1.3075921,103.888768
2017-02-21,Old Airport Road (Blk 99),1.308567,103.887961
2017-02-21,Jalan Taman,1.3260412,103.864795
2017-02-21,Saint Michael's Road (Sunville),1.3263869,103.8635173
2017-02-21,Old Choa Chu Kang Road,1.3717863,103.7053211
2017-02-21,Yishun Ring Road (Blk 110),1.4335431,103.8291301
2017-02-21,Yishun Ring Road (Blk 112),1.434258,103.828858
2017-02-22,Tampines Street 11 (Blk    101),1.347401,103.945289
2017-02-22,Tampines Street 11 (Blk    102),1.346834,103.945761
2017-02-22,Tampines Street 11 (Blk    103),1.3476305,103.9461075
2017-02-22,Tampines Street 11 (Blk    104),1.347294,103.946427
2017-02-22,Tampines Street 11 (Blk    107),1.3483565,103.9481571
2017-02-22,Tampines Street 11 (Blk 108),1.347925,103.948375
2017-02-22,Tampines Street 11 (Blk    113),1.3465011,103.9462854
2017-02-22,Tampines Street 11 (Blk    138),1.3454105,103.9454468
2017-02-22,Tampines Street 11 (Blk    139),1.3463797,103.9445192
2017-02-22,Tampines Street 11 (Tampines Court),1.3444958,103.948072
2017-02-22,Jalan Kemaman,1.3269384,103.8508003
2017-02-22,Jalan Kemaman (Kemaman Point),1.3265405,103.8508373
2017-02-22,Tampines Street 41 (Blk    421),1.35754,103.947546
2017-02-22,Tampines Street 41 (Blk    423),1.357129,103.947519
2017-02-22,Tampines Street 41 (Blk    424),1.357438,103.948133
2017-02-22,Bedok Reservoir Road (Blk 121),1.33125,103.909938
2017-02-22,Bedok Reservoir Road (Blk 133),1.332419,103.911764
2017-02-22,Choa Chu Kang Street 62 (Blk    607),1.399025,103.744255
2017-02-22,Choa Chu Kang Street 62 (Blk    615),1.400859,103.744837
2017-02-22,Jalan Taman,1.3260412,103.864795
2017-02-22,Saint Michael's Road (Sunville),1.3263869,103.8635173
2017-02-22,Old Choa Chu Kang Road,1.3717863,103.7053211
2017-02-22,Yishun Ring Road (Blk 110),1.4335431,103.8291301
2017-02-22,Yishun Ring Road (Blk 112),1.434258,103.828858
2017-02-23,Tampines Street 11 (Blk    101),1.347401,103.945289
2017-02-23,Tampines Street 11 (Blk    102),1.346834,103.945761
2017-02-23,Tampines Street 11 (Blk    103),1.3476305,103.9461075
2017-02-23,Tampines Street 11 (Blk    104),1.347294,103.946427
2017-02-23,Tampines Street 11 (Blk    107),1.3483565,103.9481571
2017-02-23,Tampines Street 11 (Blk    108),1.347925,103.948375
2017-02-23,Tampines Street 11 (Blk    113),1.3465011,103.9462854
2017-02-23,Tampines Street 11 (Blk    138),1.3454105,103.9454468
2017-02-23,Tampines Street 11 (Blk    139),1.3463797,103.9445192
2017-02-23,Tampines Street 11 (Tampines Court),1.3444958,103.948072
2017-02-23,Jalan Kemaman,1.3269384,103.8508003
2017-02-23,Jalan Kemaman (Kemaman Point),1.3265405,103.8508373
2017-02-23,Bedok Reservoir Road (Blk 121),1.33125,103.909938
2017-02-23,Bedok Reservoir Road (Blk 133),1.332419,103.911764
2017-02-23,Tampines Street 41 (Blk    421),1.35754,103.947546
2017-02-23,Tampines Street 41 (Blk    423),1.357129,103.947519
2017-02-23,Tampines Street 41 (Blk    424),1.357438,103.948133
2017-02-23,Jalan Taman,1.3260412,103.864795
2017-02-23,Saint Michael's Road (Sunville),1.3263869,103.8635173
2017-02-23,Old Choa Chu Kang Road,1.3717863,103.7053211
2017-02-23,Yishun Ring Road (Blk 110),1.4335431,103.8291301
2017-02-23,Yishun Ring Road (Blk 112),1.434258,103.828858
2017-02-24,Jalan Kemaman,1.3269384,103.8508003
2017-02-24,Jalan Kemaman (Kemaman Point),1.3265405,103.8508373
2017-02-24,Tampines Street 41 (Blk    421),1.35754,103.947546
2017-02-24,Tampines Street 41 (Blk    423),1.357129,103.947519
2017-02-24,Tampines Street 41 (Blk    424),1.357438,103.948133
2017-02-24,Bedok Reservoir Road (Blk 121),1.33125,103.909938
2017-02-24,Bedok Reservoir Road (Blk 133),1.332419,103.911764
2017-02-24,Geylang Bahru (Blk    54),1.3240479,103.8679726
2017-02-24,Geylang Bahru (Blk    57),1.3231293,103.8686562
2017-02-24,Jalan Taman,1.3260412,103.864795
2017-02-24,Saint Michael's Road (Sunville),1.3263869,103.8635173
2017-02-24,Jalan Tiga Ratus,1.3416834,103.9598895
2017-02-24,Meragi Terrace,1.3427917,103.9593535
2017-02-24,Miltonia Close,1.4178791,103.8474564
2017-02-24,Miltonia Close (Skies Miltonia),1.4180531,103.8481094
2017-02-24,North Bridge Road (Blk 8),1.304865,103.8636609
2017-02-24,North Bridge Road (Blk 467),1.305223,103.862775
2017-02-25,Jalan Kemaman,1.3269384,103.8508003
2017-02-25,Jalan Kemaman (Kemaman Point),1.3265405,103.8508373
2017-02-25,Tampines Street 41 (Blk    421),1.35754,103.947546
2017-02-25,Tampines Street 41 (Blk    423),1.357129,103.947519
2017-02-25,Tampines Street 41 (Blk    424),1.357438,103.948133
2017-02-25,Beach Road (Blk 4),1.304766,103.865086
2017-02-25,North Bridge Road (Blk 8),1.304865,103.8636609
2017-02-25,North Bridge Road (Blk 467),1.305223,103.862775
2017-02-25,Bedok Reservoir Road (Blk 121),1.33125,103.909938
2017-02-25,Bedok Reservoir Road (Blk 133),1.332419,103.911764
2017-02-25,Lorong Lew Lian (Blk 6),1.349461,103.877283
2017-02-25,Geylang Bahru (Blk    54),1.3240479,103.8679726
2017-02-25,Geylang Bahru (Blk    57),1.3231293,103.8686562
2017-02-25,Jalan Tiga Ratus,1.3416834,103.9598895
2017-02-25,Meragi Terrace,1.3427917,103.9593535
2017-02-25,Miltonia Close,1.4178791,103.8474564
2017-02-25,Miltonia Close (Skies Miltonia),1.4180531,103.8481094
2017-02-26,Jalan Kemaman,1.3269384,103.8508003
2017-02-26,Jalan Kemaman (Kemaman Point),1.3265405,103.8508373
2017-02-26,Tampines Street 41 (Blk    421),1.35754,103.947546
2017-02-26,Tampines Street 41 (Blk    423),1.357129,103.947519
2017-02-26,Tampines Street 41 (Blk    424),1.357438,103.948133
2017-02-26,Beach Road (Blk 4),1.304766,103.865086
2017-02-26,North Bridge Road (Blk 8),1.304865,103.8636609
2017-02-26,North Bridge Road (Blk 467),1.305223,103.862775
2017-02-26,Bedok Reservoir Road (Blk 121),1.33125,103.909938
2017-02-26,Bedok Reservoir Road (Blk 133),1.332419,103.911764
2017-02-26,Lorong Lew Lian (Blk 6),1.349461,103.877283
2017-02-26,Geylang Bahru (Blk    54),1.3240479,103.8679726
2017-02-26,Geylang Bahru (Blk    57),1.3231293,103.8686562
2017-02-26,Jalan Tiga Ratus,1.3416834,103.9598895
2017-02-26,Meragi Terrace,1.3427917,103.9593535
2017-02-26,Miltonia Close,1.4178791,103.8474564
2017-02-26,Miltonia Close (Skies Miltonia),1.4180531,103.8481094
2017-02-27,Jalan Kemaman,1.3262638,103.8502432
2017-02-27,Jalan Kemaman (Kemaman Point),1.3265405,103.8508373
2017-02-27,Tampines Street 41 (Blk    421),1.35754,103.947546
2017-02-27,Tampines Street 41 (Blk    423),1.357129,103.947519
2017-02-27,Tampines Street 41 (Blk    424),1.357438,103.948133
2017-02-27,Beach Road (Blk 4),1.304766,103.865086
2017-02-27,North Bridge Road (Blk 8),1.304865,103.8636609
2017-02-27,North Bridge Road (Blk 467),1.305223,103.862775
2017-02-27,Bedok Reservoir Road (Blk 121),1.33125,103.909938
2017-02-27,Bedok Reservoir Road (Blk 133),1.332419,103.911764
2017-02-27,Lorong Lew Lian (Blk 6),1.349461,103.877283
2017-02-27,Geylang Bahru (Blk    54),1.3240479,103.8679726
2017-02-27,Geylang Bahru (Blk    57),1.3231293,103.8686562
2017-02-27,Jalan Tiga Ratus,1.3416834,103.9598895
2017-02-27,Meragi Terrace,1.3427917,103.9593535
2017-02-27,Miltonia Close,1.4178791,103.8474564
2017-02-27,Miltonia Close (Skies Miltonia),1.4180531,103.8481094
2017-02-28,Jalan Kemaman,1.3262638,103.8502432
2017-02-28,Jalan Kemaman (Kemaman Point),1.3265405,103.8508373
2017-02-28,Tampines Street    41 (Blk 421),1.35754,103.947546
2017-02-28,Tampines Street    41 (Blk 423),1.357129,103.947519
2017-02-28,Tampines Street    41 (Blk 424),1.357438,103.948133
2017-02-28,Beach Road (Blk 4),1.304766,103.865086
2017-02-28,North Bridge Road    (Blk 8),1.304865,103.8636609
2017-02-28,North Bridge Road    (Blk 467),1.305223,103.862775
2017-02-28,Bedok Reservoir Road (Blk 121),1.33125,103.909938
2017-02-28,Bedok Reservoir Road (Blk 133),1.332419,103.911764
2017-02-28,Lorong Lew Lian (Blk 6),1.349461,103.877283
2017-02-28,Geylang Bahru (Blk 54),1.3240479,103.8679726
2017-02-28,Geylang Bahru (Blk 57),1.3234976,103.8690119
2017-02-28,Jalan Tiga Ratus,1.3416834,103.9598895
2017-02-28,Meragi Terrace,1.3427917,103.9593535
2017-02-28,Miltonia Close,1.4178765,103.8474543
2017-02-28,Miltonia Close (Skies Miltonia),1.4180531,103.8481094
2017-02-28,Tampines Street    32 (Blk 337),1.352539,103.959782
2017-02-28,Tampines Street    33 (Blk 338),1.351858,103.959553
2017-02-28,Jalan Kemaman,1.3262638,103.8502432
2017-02-28,Jalan Kemaman (Kemaman Point),1.3265405,103.8508373
2017-02-28,Tampines Street    41 (Blk 421),1.35754,103.947546
2017-02-28,Tampines Street    41 (Blk 423),1.357129,103.947519
2017-02-28,Tampines Street    41 (Blk 424),1.357438,103.948133
2017-02-28,Beach Road (Blk 4),1.304766,103.865086
2017-02-28,North Bridge Road    (Blk 8),1.304865,103.8636609
2017-02-28,North Bridge Road    (Blk 467),1.305223,103.862775
2017-02-28,Bedok Reservoir Road (Blk 121),1.33125,103.909938
2017-02-28,Bedok Reservoir Road (Blk 133),1.332419,103.911764
2017-02-28,Lorong Lew Lian (Blk 6),1.349461,103.877283
2017-02-28,Geylang Bahru (Blk 54),1.3240479,103.8679726
2017-02-28,Geylang Bahru (Blk 57),1.3234976,103.8690119
2017-02-28,Jalan Tiga Ratus,1.3416834,103.9598895
2017-02-28,Meragi Terrace,1.3427917,103.9593535
2017-02-28,Miltonia Close,1.4178765,103.8474543
2017-02-28,Miltonia Close (Skies Miltonia),1.4180531,103.8481094
2017-02-28,Tampines Street    32 (Blk 337),1.352539,103.959782
2017-02-28,Tampines Street    33 (Blk 338),1.351858,103.959553
